743551936566288384, RT @EU_Finance: .@EU_Commission is consulting on cross-border investment funds. #EUHaveYourSay! #CMU https://t.co/wOyFnV3Tjc https://t.co/A‚Ä¶
743546583111733248, RT @EU_Finance: .@EU_Commission is consulting on cross-border investment funds. #EUHaveYourSay! #CMU https://t.co/wOyFnV3Tjc https://t.co/A‚Ä¶
743529149214560256, 2 months and 7 days #CMU CA‚úàÔ∏è MI
743499556055179265, #CMU Amazon hires Carnegie Mellon machine-learning expert as Google expands its own AI initiati... Read more: https://t.co/OSeSbpQ2js
743474297092644866, RT @JHillEU: Europe needs deeper capital markets #CMU so businesses can get the funding they need. #1000companies https://t.co/Ffd8RSHHpl
743471851683352577, Remembering and honoring at #CMU tomorrow - https://t.co/zuoswF3pOs
743463952412192768, RT @ewaldeng: Hill: securitisation spreads risks more widely and enhances financial stability #STS #CMU - sounds like groundhogday
743453467730010112, RT @MattBomer: Congratulations @leslieodomjr on your well deserved Tony tonight! Beautiful speech. #cmu @TheTonyAwards üëèüôåüèª
743434447194824704, Found the best elective at #CMU Enrolled in fencing. That's right. #MyNameIsInigoMontoyaPrepareToDie
743425606256209923, Thanks @FESEBrussels for organising an excellent convention in Malta supporting companies &amp; listings #FESE2016 #CMU https://t.co/hs9nxeG8ym
743423655447830528, Our board member Axel W. Bierbach is speaking on "Pre-Insolvency Proceedings" @ European Insolvency &amp; #Restructuring Congress today #CMU #EU
743420428916523008, RT @ewaldeng: Finance resorts to homilies frontstage to cover up the remaining complexities backstage #ABS #CMU https://t.co/Z2muzpwFKO
743419366633517056, RT @JHillEU: Europe needs deeper capital markets #CMU so businesses can get the funding they need. #1000companies https://t.co/Ffd8RSHHpl
743418862855663617, RT @ewaldeng: Finance resorts to homilies frontstage to cover up the remaining complexities backstage #ABS #CMU https://t.co/Z2muzpwFKO
743418651584401408, Finance resorts to homilies frontstage to cover up the remaining complexities backstage #ABS #CMU https://t.co/Z2muzpwFKO
743410948258541569, RT @Hoffmann_avocat: #CapitalMarkets- Mid-sized companies receive five times as much funding from capital markets in the #US than they do i‚Ä¶
743407079713554433, RT @JHillEU: Europe needs deeper capital markets #CMU so businesses can get the funding they need. #1000companies https://t.co/Ffd8RSHHpl
743398949189451776, IntelliSign #CMU #Senior #BME #Design #Final #Project #S10 #BrainSurgeryLive #design https://t.co/deyGJCpMn6
743366187652874240, RT @UGambini: #1000companies @LSEplc event hosted @ramontremosa Full room thx @JHillEU @Antonio_Tajani #SMEs #CMU #bettertogether https://t‚Ä¶
743361242270576640, RT @Hoffmann_avocat: #EU- Stronger #capitalmarkets will complement banks as a source of financing giving businesses more options and a fin‚Ä¶
743361216995745792, RT @Hoffmann_avocat: #CapitalMarkets- Mid-sized companies receive five times as much funding from capital markets in the #US than they do i‚Ä¶
743361203217399809, RT @Hoffmann_avocat: #CapitalMarkets- #Europe needs up to ‚Ç¨2 trillion in total infrastructure #investment by 2020 according @EIB. #CMU #Fa‚Ä¶
743360861675233284, #EU- Stronger #capitalmarkets will complement banks as a source of financing giving businesses more options and a financial stability. #CMU
743360135897112576, #CapitalMarkets- Mid-sized companies receive five times as much funding from capital markets in the #US than they do in the #EU. #Fact #CMU
743359847752564736, #CapitalMarkets- #Europe needs up to ‚Ç¨2 trillion in total infrastructure #investment by 2020 according @EIB. #CMU #Fact #UE
743359752067915776, RT @JHillEU: Europe needs deeper capital markets #CMU so businesses can get the funding they need. #1000companies https://t.co/Ffd8RSHHpl
743353399974887424, RT @PabloMalumbres: At The @FESEBrussels convention in Malta. Happy to be here. Let's talk about #cmu capital markets union https://t.co/mZ‚Ä¶
743350649564237824, RT @JHillEU: Europe needs deeper capital markets #CMU so businesses can get the funding they need. #1000companies https://t.co/Ffd8RSHHpl
743347869529178113, At The @FESEBrussels convention in Malta. Happy to be here. Let's talk about #cmu capital markets union https://t.co/mZgfukDVat
743328335200018432, RT @JHillEU: Europe needs deeper capital markets #CMU so businesses can get the funding they need. #1000companies https://t.co/Ffd8RSHHpl
743260649837334528, RT @MattBomer: Congratulations @leslieodomjr on your well deserved Tony tonight! Beautiful speech. #cmu @TheTonyAwards üëèüôåüèª
743241815495704576, Morning walk from a few weeks back ... cleaning out my old photos ... #CMU #pittsburgh‚Ä¶ https://t.co/iZUUm3B0AV
743210591473512448, RT @JHillEU: Europe needs deeper capital markets #CMU so businesses can get the funding they need. #1000companies https://t.co/Ffd8RSHHpl
743206238058586112, sportparadise: Central Michigan Chippewas Adjustable Cap https://t.co/aNfdR4sIrK #CentralMichigan #Chippewas #CMU https://t.co/WuDBLtt23Y
743204797382279169, RT @KaySwinburneMEP: So great to be with @LSEGplc to launch #1000Companies to inspire Europe - 3 Welsh companies made the list! #CMU https:‚Ä¶
743204384557907972, RT @MattBomer: Please check out my friend @leslieodomjr 's new album out today. One of my favorite voices on the planet! #CMU https://t.co/‚Ä¶
743201148442710016, RT @JHillEU: Improving funding options for businesses at heart of #CMU. Need more initiatives like @LSEGplc #1000companies to Inspire Europ‚Ä¶
743201124849713152, RT @JHillEU: Europe needs deeper capital markets #CMU so businesses can get the funding they need. #1000companies https://t.co/Ffd8RSHHpl
743197945856655360, RT @JHillEU: Europe needs deeper capital markets #CMU so businesses can get the funding they need. #1000companies https://t.co/Ffd8RSHHpl
743194813688909824, RT @JHillEU: Europe needs deeper capital markets #CMU so businesses can get the funding they need. #1000companies https://t.co/Ffd8RSHHpl
743191634339323904, RT @News_from_AFME: Securitisation is a key building block for the @EU_Commission‚Äôs Capital Markets Union project #CMU #GlobalABS https://t‚Ä¶
743190719737790464, RT @News_from_AFME: Securitisation is a key building block for the @EU_Commission‚Äôs Capital Markets Union project #CMU #GlobalABS https://t‚Ä¶
743164997925212160, RT @JHillEU: Europe needs deeper capital markets #CMU so businesses can get the funding they need. #1000companies https://t.co/Ffd8RSHHpl
743163034789621760, Athlon is sleeping on #CMU this year. üî•üëÜ https://t.co/2OGhGCZhu7
743160974765621248, Banks &amp; capital markets two vital components of the financial system. Integrated #CMU can support growth in Europe. #1000companies
743156853148880896, RT @JHillEU: Europe needs deeper capital markets #CMU so businesses can get the funding they need. #1000companies https://t.co/Ffd8RSHHpl
743156478115192832, Britain is obviously well placed to make the most of the opportunities provided by creating deeper #CMU across the Single Market.
743154361342234624, #CMU Students create water system to get thoughts flowing toward #waterconservation https://t.co/fOdaJltrj4
743148389244768257, RT @JHillEU: Europe needs deeper capital markets #CMU so businesses can get the funding they need. #1000companies https://t.co/Ffd8RSHHpl
743135433115205633, RT @forfinancewatch: MEP @paultang: "#CMU is a patchwork of actions not a blueprint - which leaves us space to inject a vision of sustaina‚Ä¶
743134128753811456, RT @JHillEU: Europe needs deeper capital markets #CMU so businesses can get the funding they need. #1000companies https://t.co/Ffd8RSHHpl
743132187218841600, RT @JHillEU: Europe needs deeper capital markets #CMU so businesses can get the funding they need. #1000companies https://t.co/Ffd8RSHHpl
743127925852147712, RT @KaySwinburneMEP: So great to be with @LSEGplc to launch #1000Companies to inspire Europe - 3 Welsh companies made the list! #CMU https:‚Ä¶
743125653587910657, EuropeanIssuers speaks #CMU ease access to finance via Prospectus review @xrolet @othmar_karas @paultang @KaySwinburneMEP @JHillEU @LSEGplc
743124613148905472, RT @EUFStracker: In Q4 2016 the Commission will publish a legislative proposal for minimum harmonisation of #insolvency law in the context‚Ä¶
743114554163482624, #Brexit: How Cameron has already delivered Big victories to Big Finance https://t.co/kBRzFTSxsV by @corporateeurope #CMU @TomLINESorguk
743112649324384256, Aww how cool! #CMU #FireUpChips #MackinacIsland https://t.co/6OgGytqseG
743112431111544832, RT @erikbryn: We now have women leading the top three #AI labs on the planet: Daniela Rus #MIT; Fei-Fei Li #Stanford; and Manuela Veloso‚Ä¶
743107895231926272, RT @KaySwinburneMEP: So great to be with @LSEGplc to launch #1000Companies to inspire Europe - 3 Welsh companies made the list! #CMU https:‚Ä¶
743106705328898048, RT @CMUBookstore: Orientation Session 10 today! Welcome to #CMU! #FireUpChips #cmich2020
743105015699648512, RT @forfinancewatch: MEP @paultang: "#CMU is a patchwork of actions not a blueprint - which leaves us space to inject a vision of sustaina‚Ä¶
743103237264269312, RT @News_from_AFME: Securitisation is a key building block for the @EU_Commission‚Äôs Capital Markets Union project #CMU #GlobalABS https://t‚Ä¶
743103185917775876, RT @JHillEU: Europe needs deeper capital markets #CMU so businesses can get the funding they need. #1000companies https://t.co/Ffd8RSHHpl
743102943851864064, Check out our latest #WednesdayWisdom brought to you by the visionary #WaltDisney @WaltDisneyCo #MSCF #CMU https://t.co/AyfDxBuwOj
743102587336073217, RT @MattBomer: Congratulations @leslieodomjr on your well deserved Tony tonight! Beautiful speech. #cmu @TheTonyAwards üëèüôåüèª
743101248438718464, RT @JHillEU: Europe needs deeper capital markets #CMU so businesses can get the funding they need. #1000companies https://t.co/Ffd8RSHHpl
743100890261905408, RT @MattBomer: Congratulations @leslieodomjr on your well deserved Tony tonight! Beautiful speech. #cmu @TheTonyAwards üëèüôåüèª
743100530675814400, RT @CMUInnovation: Let's go Tartans: #CMU Teams w/ Pittsburgh in Smart Cities Challenge https://t.co/u9be0rXqJp via @Oracle &amp; @CMU_CIE http‚Ä¶
743100303059345408, MEP @paultang: "#CMU is a patchwork of actions not a blueprint - which leaves us space to inject a vision of sustainability in it"¬†#CMU4Who
743096269825019904, Securitisation is a key building block for the @EU_Commission‚Äôs Capital Markets Union project #CMU #GlobalABS https://t.co/gdsEFz8C4m
743090297870127104, RT @UGambini: #1000companies @LSEplc event hosted @ramontremosa Full room thx @JHillEU @Antonio_Tajani #SMEs #CMU #bettertogether https://t‚Ä¶
743087227702497280, RT @UGambini: #1000companies @LSEplc event hosted @ramontremosa Full room thx @JHillEU @Antonio_Tajani #SMEs #CMU #bettertogether https://t‚Ä¶
743086985523433472, RT @JHillEU: Europe needs deeper capital markets #CMU so businesses can get the funding they need. #1000companies https://t.co/Ffd8RSHHpl
743086882108641280, Final panel of Day 2 at #GlobalABS looks at the impact of #CMU on securitisation https://t.co/b3Xwx9KNqt
743084724197949440, What was Panther Hollow Inn #CMU https://t.co/uKmV1sHgec
743083405181603840, RT @JHillEU: Europe needs deeper capital markets #CMU so businesses can get the funding they need. #1000companies https://t.co/Ffd8RSHHpl
743082930902302720, In Q4 2016 the Commission will publish a legislative proposal for minimum harmonisation of #insolvency law in the context of #CMU
743082905623236608, RT @JHillEU: Celebrating #1000companies Europe launch with @LSEGplc. Great initiative to help channel investment to remarkable European SME‚Ä¶
743081942158053377, RT @KaySwinburneMEP: So great to be with @LSEGplc to launch #1000Companies to inspire Europe - 3 Welsh companies made the list! #CMU https:‚Ä¶
743081861241577473, RT @JHillEU: Celebrating #1000companies Europe launch with @LSEGplc. Great initiative to help channel investment to remarkable European SME‚Ä¶
743080888905441280, RT @JHillEU: Europe needs deeper capital markets #CMU so businesses can get the funding they need. #1000companies https://t.co/Ffd8RSHHpl
743080815849050112, RT @JHillEU: Europe needs deeper capital markets #CMU so businesses can get the funding they need. #1000companies https://t.co/Ffd8RSHHpl
743080530355179520, RT @MattBomer: Congratulations @leslieodomjr on your well deserved Tony tonight! Beautiful speech. #cmu @TheTonyAwards üëèüôåüèª
743080439364083713, RT @JHillEU: Improving funding options for businesses at heart of #CMU. Need more initiatives like @LSEGplc #1000companies to Inspire Europ‚Ä¶
743079362128433153, RT @JHillEU: Europe needs deeper capital markets #CMU so businesses can get the funding they need. #1000companies https://t.co/Ffd8RSHHpl
743078062405918720, Europe needs deeper capital markets #CMU so businesses can get the funding they need. #1000companies https://t.co/Ffd8RSHHpl
743074649802739712, #1000companies @LSEplc event hosted @ramontremosa Full room thx @JHillEU @Antonio_Tajani #SMEs #CMU #bettertogether https://t.co/KTMg187yVe
743073104751173632, RT @JHillEU: Celebrating #1000companies Europe launch with @LSEGplc. Great initiative to help channel investment to remarkable European SME‚Ä¶
743072818909286400, .@JHillEU @LSEGplc Thanks for coming very interesting event @ramontremosa @Antonio_Tajani #CMU #1000companies https://t.co/YFfYejVMco
743072160881737729, RT @JHillEU: Improving funding options for businesses at heart of #CMU. Need more initiatives like @LSEGplc #1000companies to Inspire Europ‚Ä¶
743071258653405185, RT @MattBomer: Congratulations @leslieodomjr on your well deserved Tony tonight! Beautiful speech. #cmu @TheTonyAwards üëèüôåüèª
743070857971564544, RT @JHillEU: Improving funding options for businesses at heart of #CMU. Need more initiatives like @LSEGplc #1000companies to Inspire Europ‚Ä¶
743070684696449024, Improving funding options for businesses at heart of #CMU. Need more initiatives like @LSEGplc #1000companies to Inspire Europe.
743070666711261184, RT @JHillEU: Celebrating #1000companies Europe launch with @LSEGplc. Great initiative to help channel investment to remarkable European SME‚Ä¶
743069983639490564, RT @JHillEU: Celebrating #1000companies Europe launch with @LSEGplc. Great initiative to help channel investment to remarkable European SME‚Ä¶
743065874991591425, RT @JHillEU: Celebrating #1000companies Europe launch with @LSEGplc. Great initiative to help channel investment to remarkable European SME‚Ä¶
743065828623409152, RT @JHillEU: Celebrating #1000companies Europe launch with @LSEGplc. Great initiative to help channel investment to remarkable European SME‚Ä¶
743065364192493568, Celebrating #1000companies Europe launch with @LSEGplc. Great initiative to help channel investment to remarkable European SMEs. #CMU
743063492341665792, RT @KaySwinburneMEP: So great to be with @LSEGplc to launch #1000Companies to inspire Europe - 3 Welsh companies made the list! #CMU https:‚Ä¶
743061218785656832, ICYMI: why the #CMU is problematic (in 3 parts) https://t.co/sHgH5mWFrA https://t.co/ZGfauHwcZC https://t.co/z6A4AqMltU
