750570227973361665, #BonusPoints #Columbia gives energy
750570083676786689, #BonusPoints #Columbia Fly with columbia
750569991699824641, #BonusPoints #Columbia winter or summer
750569915782991872, #BonusPoints #Columbia Columbest
750569864604024832, #BonusPoints #Columbia the greatest
750569827408961536, #BonusPoints #Columbia best
750569766969016324, #BonusPoints #Columbia Summer cool
750569718709362690, #BonusPoints #Columbia Love the sale
750564188653809668, Happy People Explicit #Columbia #Indie #LoFi #Rock Columbia https://t.co/0fla24XoBq
750564036299857920, Happy People Deluxe Explicit #Columbia #Indie #LoFi #Rock Columbia https://t.co/T4b6YnixNi
750562416547815424, Store Sales Representative Jobs in Columbia SC #Columbia #SC #jobs #jobsearch https://t.co/Oc3ekn8n9U
750560518776168449, In Love US #Columbia #Indie #LoFi #Rock Columbia https://t.co/4h34Q6SioN
750559187881590784, #Columbia #Jackets WOMENS COLUMBIA JACKET BLUE SMALL https://t.co/9DQNOTXif6 #Jacket #ForSale
750558742190682112, We're #hiring! Read about our latest #job opening here: Bagger - https://t.co/XpigeYAzQJ #Retail #COLUMBIA SC https://t.co/nsLe843ni1
750558510589603840, NWT Columbia Omni-Tech Watertight Waterproof Shell Jacket Mens 2XL BLUE at Tactical Gear Zone -&gt; https://t.co/UMimYskA2s #columbia #hiking…
750558025816104965, NWT Columbia Omni-Tech Watertight Waterproof Shell Jacket Mens 2XL BLUE at Tactical Gear Zone -&gt; https://t.co/HtxfAje6Td #columbia #hiking…
750555405126889476, #Columbia Mens Hawaiian Tiki Camp Shirt Polynesian Tropic Caverns Size M #hawaiian https://t.co/4MSDgySDnP https://t.co/25a4k8YBk9
750550348843065344, https://t.co/tVvHFVujaW | #Columbia South Carolina #3g #4g #wifi #satelite #WLAN #WW https://t.co/RgdEPbS2zl
750545494192033795, Senior Software &amp; Systems Engineers Wanted #Columbia #Jobs https://t.co/x09G9044Ad
750543979008106497, I just earned #Columbia #BonusPoints for signing up with @Columbia1938 Greater Rewards. You can too. https://t.co/lOShOWDOXY
750543730822750208, Class A Welder Fitter Jobs in Columbia TN #Columbia #TN #jobs #jobsearch https://t.co/U5HuFWChMk
750542864900292609, #Columbia #Jackets Men's Columbia Jacket Coat With Fleece Lining Size Medium wc 12246 https://t.co/e7GVTMFfkT #Jacket #ForSale
750541995194650624, $29.00 #Columbia men sport Mirrored Polarized lens #sungl... at https://t.co/XZxTI5KVTe https://t.co/FC76T0A63l
750541925053239297, Senior Python Developer Jobs in Washington District Of COLUMBIA #WashingtonDistrictOf #COLUMBIA #jobs #jobsearch https://t.co/jMRUXf9QJx
750539998554972160, We're #hiring! Read about our latest #job opening here: Junior/Mid Network Security Engineer - https://t.co/YtAsZbhMFo #IT #Columbia WA
750538706625425408, Can you recommend anyone for this #job? Cashier Associate - https://t.co/F8Gea6GJ9J #Retail #COLUMBIA SC #Hiring https://t.co/LC50jGQTEl
750537337277452288, Can you recommend anyone for this #job? https://t.co/GzQ2uXbqFz #IT #Columbia WA #Veterans #Hiring
750536521103605761, I need some crochet faux locs on July 16th. Who can do them? I'm in #Orangeburg #Columbia and #Augusta area ‼️‼️‼️‼️‼️
750535968533450752, COLUMBIA MEN’S BUGABOO™ INTERCHANGE JACKET at Tactical Gear Zone -&gt; https://t.co/UMimYskA2s #columbia #hiking #deals #shopping #jackets
750535665570447361, Stange Law Firm PC is hiring! https://t.co/1t1rqIRX2L #jobs #Columbia
750535409436852225, COLUMBIA MEN’S BUGABOO™ INTERCHANGE JACKET at Tactical Gear Zone -&gt; https://t.co/HtxfAje6Td #columbia #hiking #deals #shopping #jackets
750535036752060416, Highly Reviewed on TER CUM See what the fuss is all about! #escorts #sex #COLUMBIA https://t.co/YROJVYFBvn
750534467370881024, Can you recommend anyone for this #job? Mid/Senior Network Security Engineer - https://t.co/DjgjeifXlp #IT #Columbia WA #Veterans #Hiring
750534244745764865, #Columbia Men's Freezer Zero Neck Gaiter Sedona Sage One Size Like Its Cousin the Freezer Zero Bandana This https://t.co/PiqeYQjUXY
750532729150726144, Global Channel Management Inc. is hiring! https://t.co/TSM3fhoTrL #jobs #Columbia
750531119519375364, Global Channel Management Inc. is hiring! https://t.co/nGv2I8yFUs #jobs #Columbia
750531115690057729, RT @TQLcareers: Want to work in #Columbia SC? View our latest opening: https://t.co/RajZ5wHMQp #logistics #lifeattql #custserv https://t.c…
750531093128835072, Want to work in #Columbia SC? View our latest opening: https://t.co/Aq3HaAxrif #Job #travelnurse #Jobs #Hiring https://t.co/nDRrbKR5sd
750530915135348736, We are #hiring AUTO CAD Drafter Designer in Columbia MD https://t.co/4s5Fa2RnXZ #jobs #Columbia #IT #Technology
750530666685685760, RT @Carnivale312: The only way to cool down on these hot summer nights are with some refreshingly cold drinks. #Columbia #Chicago https://t…
750529763211632640, RT @MikeDeSumma: #Columbia fire department still on scene of house fire at 2900 Kennedy St @wis10 https://t.co/4bnVKL9JSs
750528427233533952, RT @MikeDeSumma: #Columbia fire department still on scene of house fire at 2900 Kennedy St @wis10 https://t.co/4bnVKL9JSs
750528243833442304, RT @MikeDeSumma: #Columbia fire department still on scene of house fire at 2900 Kennedy St @wis10 https://t.co/4bnVKL9JSs
750528095132737536, #Columbia fire department still on scene of house fire at 2900 Kennedy St @wis10 https://t.co/4bnVKL9JSs
750527986147921920, RT @NWSColumbia: In case your curious we reached the #century mark at #CAE #Columbia for the 3rd straight day. Occurred at 1237 pm. @colum…
750527706664611840, Can you recommend anyone for this #job? https://t.co/GRGDGRCu8P #Clerical #Columbia MD #Hiring
750526703022272512, Columbia Men’s XL Fleece 1/2 Zipper Jacket Coat Dark Gray at Tactical Gear Zone -&gt; https://t.co/UMimYskA2s #columbia #hiking #deals #shopp…
750526089374687233, Columbia Men’s XL Fleece 1/2 Zipper Jacket Coat Dark Gray at Tactical Gear Zone -&gt; https://t.co/HtxfAje6Td #columbia #hiking #deals #shopp…
750525919496843266, #Columbia #Jackets Mens Columbia Jacket Blue / Grey XL https://t.co/HgyzqYbQbb #Jacket #ForSale
750525354628952066, Join the BI-LO Retail Stores team! See our latest #job opening here: https://t.co/TbBdPpU4fv #Retail #COLUMBIA SC https://t.co/NUpEC1B6ir
750524667207749632, #Spherion: HEALTHCARE #REPRESENTATIVE - Columbia South #Carolina in #Columbia #job https://t.co/mXIS4TeRt3 https://t.co/8IL2KQx2JB
750524525603725312, Somebody That I Used to Know #Columbia #Pop Columbia https://t.co/AyzMk3tqMT
750523439748874240, Check out Columbia Women's Knit Sweater Full Zip Elbow Patches XCO Size Large #Columbia #Cardigan https://t.co/z0xv5t5BV5 via @eBay#Columbia
750522239015985152, As if We Never Said Goodbye Glee Cast Version #Columbia #Pop Columbia https://t.co/BEDC8Hd4x1
750522057448906752, NEW COLUMBIA LONG DOWN OMNI HEAT THERMAL REFLECTIVE JACKET - BLACK - Women's XL at Tactical Gear Zone -&gt; https://t.co/UMimYskA2s #columbia…
750521423395860480, $27.00 #Columbia mirrored HD polarized #sunglasses NWT wi... at https://t.co/F12ijKwUff https://t.co/4ozPek1MPx
750521174560571392, NEW COLUMBIA LONG DOWN OMNI HEAT THERMAL REFLECTIVE JACKET - BLACK - Women's XL at Tactical Gear Zone -&gt; https://t.co/HtxfAje6Td #columbia…
750520148793159680, https://t.co/tOGC4Dg026 | #Columbia South Carolina Great Canadian Solar #solar #panels #e https://t.co/bySQfkkVx4
750519842352934912, Want to work in #Columbia MD? View our latest opening: https://t.co/MjKK9c1r15 #Job #PhysicalTherapist #Jobs #Hiring
750519108815302656, RT @theatre_dp: Patriotism runs red white and blue at Columbia celebration #columbia https://t.co/HMZgVJDM6n
750517687097257984, Check out Columbia Sportswear pink floral dress zip back cotton blend size M #Columbia #Sheath https://t.co/YU5hpqxEFw via @eBay
750517099068526592, N3X| Columbia Down Thick Insulated Puffer Winter Ski Jacket Parka Men XL NWT at Tactical Gear Zone -&gt; https://t.co/UMimYskA2s #columbia #h…
750516921783713792, @ALVAROHPRADA @CeDemocratico #freightliner #Columbia cl 120 &amp; m2 112 #Putumayo @transkilikili &amp; transportes hongkong #ParoCamionero
750516565804716032, N3X| Columbia Down Thick Insulated Puffer Winter Ski Jacket Parka Men XL NWT at Tactical Gear Zone -&gt; https://t.co/HtxfAje6Td #columbia #h…
750512994203865088, Columbia Men's Large Core Interchange Snow Jacket at Tactical Gear Zone -&gt; https://t.co/UMimYskA2s #columbia #hiking #deals #shopping #jac…
750512986083688448, Columbia Sm Mens Jacket Light weight &amp; PACKABLE at Tactical Gear Zone -&gt; https://t.co/UMimYskA2s #columbia #hiking #deals #shopping #ja…
750512887165136896, #Columbia #Jackets COLUMBIA JACKET - Interchange Bugaboo - Size XL - Black &amp; Gray https://t.co/3T3UENDHXw #Jacket #ForSale
750512166999101440, Columbia Men's Large Core Interchange Snow Jacket at Tactical Gear Zone -&gt; https://t.co/HtxfAje6Td #columbia #hiking #deals #shopping #jac…
750512165140979713, Columbia Sm Mens Jacket Light weight &amp; PACKABLE at Tactical Gear Zone -&gt; https://t.co/HtxfAje6Td #columbia #hiking #deals #shopping #ja…
750511145983746049, Directional heading in #Columbia #SouthCarolina #coerver #soccer @kenga_david @scunitedbantams https://t.co/RqeOGQTUJp
750509783892058113, Obama Clinton making first joint campaign appearance - WIS https://t.co/8NlfzkypsW #Columbia
750508461859930112, NWT Men's COLUMBIA ANTIMONY IV Waterproof jacket Sz XL $150 at Tactical Gear Zone -&gt; https://t.co/UMimYskA2s #columbia #hiking #deals #sh…
750508185816096768, $24.00 #Columbia men graphic t-#shirt size L (sun protect... at https://t.co/gse8KrVVao https://t.co/c8cwJGeP9Q
750507741349875712, Interested in a #job near #Columbia Maryland? This could be a great fit: https://t.co/cyr41QGCNr #Accounting https://t.co/xorOUeTOnO
750507663784550400, NWT Men's COLUMBIA ANTIMONY IV Waterproof jacket Sz XL $150 at Tactical Gear Zone -&gt; https://t.co/HtxfAje6Td #columbia #hiking #deals #sh…
750505783943626753, #Credit &amp; Collections #Analyst - Columbia South Carolina in #Columbia at #Spherion #job https://t.co/wJdJljipdV https://t.co/kNMPnoKFYo
750505260964192256, RT @Carnivale312: The only way to cool down on these hot summer nights are with some refreshingly cold drinks. #Columbia #Chicago https://t…
750504376431570944, Want to work in #Columbia MD? View our latest opening: https://t.co/v7XcFiJ7OG #Job #SocialWorker #Jobs #Hiring
750503317642571776, Columbia Rain Jacket Men's M Gray Waterproof / Breathable New No Tags at Tactical Gear Zone -&gt; https://t.co/UMimYskA2s #columbia #hiking #…
750502649439653893, Columbia Rain Jacket Men's M Gray Waterproof / Breathable New No Tags at Tactical Gear Zone -&gt; https://t.co/HtxfAje6Td #columbia #hiking #…
750502030557478912, https://t.co/9dYgqRYrmq | #Columbia South Carolina Moss Solar #solar #panels #energy #ele https://t.co/XaOZUlafEP
750501521280929792, RT @TheSunNews: Grooms’ death attributed by the coroner to the snake bite stunned many people in South Carolina https://t.co/SFBQ6LcblA #…
750500551788376064, #Columbia #Jackets Columbia Jacket size small https://t.co/m3oqejQAAv #Jacket #ForSale
750497781501071360, Digital Marketing Coordinator Jobs in Columbia SC #Columbia #SC #jobs #jobsearch https://t.co/EKyDMqgYXf
750497074307739648, We're #hiring! Click to apply: ISSO - https://t.co/olm48R1fBP #Job #IT #Columbia WA #Veterans #Jobs
750496777179049984, Can you recommend anyone for this #job? SC - Registered Nurse - https://t.co/VAhlT2kQoa #Nursing #Columbia SC #Hiring
750494579946848256, Grooms’ death attributed by the coroner to the snake bite stunned many people in South Carolina https://t.co/SFBQ6LcblA #Columbia
750494027548614656, Titanium Columbia Shell Ski Mens Jacket Omni Tech Used XXL at Tactical Gear Zone -&gt; https://t.co/UMimYskA2s #columbia #hiking #deals #sho…
750493553139314688, Titanium Columbia Shell Ski Mens Jacket Omni Tech Used XXL at Tactical Gear Zone -&gt; https://t.co/HtxfAje6Td #columbia #hiking #deals #sho…
750492214862581760, Interested in a #job near #Columbia MD? This could be a great fit: https://t.co/jPNMrzT3Xb #Hospitality #Hiring
750491506994061312, #Columbia #Jackets Columbia Jacket -AMAZING CONDITION- XL $180 ORIGINAL PRICE https://t.co/hMHLOb1Yhh #Jacket #ForSale
750490595924123649, Want to work at HealthPro Rehabilitation? We're #hiring in #Columbia MD! Click for details: https://t.co/GH2tHKA5OJ #Job #Healthcare #Jobs
750489864626442240, RT @TQLcareers: Want to work in #Columbia SC? View our latest opening: https://t.co/RajZ5wHMQp #logistics #lifeattql #custserv https://t.c…
750489741544529920, See our listing at 5920 S Rangeline Rd #Columbia #MO https://t.co/sVO6tplsuR #realestate #forsalebyowner https://t.co/TkEzTyZ6Wf
750488765630742528, Paralegal Legal Assistant Jobs in Columbia NC #Columbia #NC #jobs #jobsearch https://t.co/jqUJCeIT4i
