743554743746830336, For many #Cornell alumni Cornelliana Night is a must-see. #cornellreunion - https://t.co/965yVqdz48 https://t.co/vUmF8CAyzI
743554241894223877, For many #Cornell alumni Cornelliana Night is a must-see. #cornellreunion - https://t.co/Jtlthjpcfv https://t.co/yIXuAktCRz
743549658505617410, For many #Cornell alumni Cornelliana Night is a must-see. #cornellreunion - https://t.co/AowOgWzMZo https://t.co/j19p1IHKrk
743546203531522048, @Mattamy_Homes unveiled a new lowrise building in its lauded #Cornell community. Visit The Condominiums of Cornell. https://t.co/s0PH4ESbhF
743546201744740357, @Mattamy_Homes unveiled a new lowrise building in its lauded #Cornell community. Visit The Condominiums of Cornell. https://t.co/MOeUTqjxWN
743546188893421570, For many #Cornell alumni Cornelliana Night is a must-see. #cornellreunion - https://t.co/AO1OaBSit0 https://t.co/xobhqKjNwO
743545936379584517, For many #Cornell alumni Cornelliana Night is a must-see. #cornellreunion - https://t.co/wrYyOqUHxJ https://t.co/uX3Rx7I2DJ
743545704094662657, For many #Cornell alumni Cornelliana Night is a must-see. #cornellreunion - https://t.co/Eli0WvPGQx https://t.co/AmosaPjkH8
743545059505741824, #Alien Contact Still 1500 Years Away Say #Cornell Scientists: https://t.co/dQddHP7Jm2 https://t.co/lKqDDNYZfF
743544572584857600, For many #Cornell alumni Cornelliana Night is a must-see. #cornellreunion - https://t.co/KxlJSCD6kZ https://t.co/BrujzMix00
743543169627881472, For many #Cornell alumni Cornelliana Night is a must-see. #cornellreunion - https://t.co/lP1Bximu3g https://t.co/Rz5B65vyUd
743542494701457408, For many #Cornell alumni Cornelliana Night is a must-see. #cornellreunion - https://t.co/HqQ2XpDtlQ https://t.co/yfzfaGK5dO
743541959181074433, RT @CornellAlumni: Rawlings reflects on strength of American universities https://t.co/FbMZuX08oB #highered #Cornell https://t.co/5amhrrSD66
