743585413399351296, RT @meme_humor: https://t.co/Ejbzf0GwXX #MIT puts all of its course materials online fpr anyone to use completely free in their own time #l‚Ä¶
743585007726370817, https://t.co/Ejbzf0GwXX #MIT puts all of its course materials online fpr anyone to use completely free in their own time #lol #funny
743584227254382592, RT @ScienceMIT: How do we learn? How can we learn better?https://t.co/bxBwQn58UN #MIT #education #MITBetterWorld via @MIT_Spectrum https://‚Ä¶
743582478938439680, I'm lucky to have such a strong team around me. https://t.co/J9MmYKpKmD #massachusetts #MIT #lecturer #POPad
743581460314087429, Smell like a sleeper üöóüí® #mit #mitsubishi #evo #evox #evogram #car #carporn #red #sleeper #‚Ä¶ https://t.co/bQYwpdaRPR https://t.co/Qf6EbMWa5I
743579888389521408, I know we have the teamwork necessary to make this work. https://t.co/J9MmYKpKmD #massachusetts #MIT #lecturer #POPad
743579059477688320, RT @RossMorley: Stunning news on #Graphene development https://t.co/tjm8SziMwj #nanotech #2D #3D #MIT
743574198249914369, First Human Test of CRISPR Proposed: Doctors at the University of Pennsylvania seek approval... https://t.co/DM3UTrMfeH #tech #mit #news
743572543823613952, RT @steveannear: Work at #MIT? Soon you can take the #MBTA for free https://t.co/m8a4A1kCM7
743568446374318080, RT @insidehighered: Examining why female students leave #engineering https://t.co/blSVbhvu3e #MIT https://t.co/qL2MdIzdYJ
743567501024337920, #MIT puts all of its course materials online fpr anyone to use completely free in their own time: ... https://t.co/x20flDXBX2
743567171964510209, RT @MIT_SHASS: Sampler of #MIT research on Justice Inclusion Civil and Human Rights https://t.co/qZOfcftM4J #OrlandoSolidarity https://t.‚Ä¶
743565608738947072, RT @probwave: LIGO Detects Gravitational Waves Again https://t.co/IxICQufx7h #MIT #CalTech #Universe #physics #cosmology https://t.co/47ZZY‚Ä¶
743564042069958657, RT @probwave: LIGO Detects Gravitational Waves Again https://t.co/IxICQufx7h #MIT #CalTech #Universe #physics #cosmology https://t.co/47ZZY‚Ä¶
743563354174685184, I'm very proud of my nerdy babe #MIT https://t.co/7ZPPprxpn2
743562662831861760, RT @ScienceMIT: #MIT researchers find new way to turn electricity into light using #graphene. https://t.co/a00r41gAe6 @MIT_Physics https:/‚Ä¶
743561284252143616, RT @probwave: LIGO Detects Gravitational Waves Again https://t.co/IxICQufx7h #MIT #CalTech #Universe #physics #cosmology https://t.co/47ZZY‚Ä¶
743558964877623296, How An Intelligent Machine Learned to Recognize Human Emotions https://t.co/sDcdrFRCqF #future #machinelearning #MIT https://t.co/212CJbD6ia
743557565339009024, #MIT - Development of #Panama as a #logistics #hub and the impact on Latin America #LAC https://t.co/t35UMurCMJ
743554324500971520, RT @probwave: LIGO Detects Gravitational Waves Again https://t.co/IxICQufx7h #MIT #CalTech #Universe #physics #cosmology https://t.co/47ZZY‚Ä¶
743553968064839680, LIGO Detects Gravitational Waves Again https://t.co/IxICQufx7h #MIT #CalTech #Universe #physics #cosmology https://t.co/47ZZYyFQsb
743553470054141952, RT @insidehighered: Examining why female students leave #engineering https://t.co/blSVbhvu3e #MIT https://t.co/qL2MdIzdYJ
743551257760178185, Day 1 of EurekaFest #MIT #Lemelson #Innovation ‚ÄºÔ∏è‚ÄºÔ∏è@tonyperry https://t.co/NFrMw1f2C3
743546178583859201, RT @steveannear: Work at #MIT? Soon you can take the #MBTA for free https://t.co/m8a4A1kCM7
743542711131709441, Discovered the free courses offered by #MIT this morning. I am now trying to pick a course. #broke #geekgirlproblems #thehungerisreal
743541742201364480, A Dexterous Warehouse Robot Does Things Amazon‚Äôs Automated Helpers Can‚Äôt https://t.co/Zi643a3jsu #MIT Technology Review #Dexterous Robot
743541285202575364, RT @steveannear: Work at #MIT? Soon you can take the #MBTA for free https://t.co/m8a4A1kCM7
743541093564841988, RT @steveannear: Work at #MIT? Soon you can take the #MBTA for free https://t.co/m8a4A1kCM7
743540858910310400, Work at #MIT? Soon you can take the #MBTA for free https://t.co/m8a4A1kCM7
743538270835924993, RT @h7n33n: #SJP-#IUPUI/#UIndy would destroy #LGBT-friendly #Israel. #SDSU #SFSU #UCI #MIT #USC #UMich #UMass #Yale #UNCCUnion https://t.co‚Ä¶
743538207740989442, #SJP-#IUPUI/#UIndy would destroy #LGBT-friendly #Israel. #SDSU #SFSU #UCI #MIT #USC #UMich #UMass #Yale #UNCCUnion https://t.co/eaZ18wdiKO
743537857147641862, Whoa. Nice. #MBTA #MIT https://t.co/godMrKkECW
743534492304838656, #Business Tech Savvy: The Stress Effect in Information and Communication Technologies: Are your empl... https://t.co/z2Cal7sF2A #MIT
743534489280774144, #MIT Tech Savvy: The Stress Effect in Information and Communication Technologies: Are your employees read... https://t.co/gRl5dMTkvS
743532372029804544, RT @insidehighered: Examining why female students leave #engineering https://t.co/jQdxBKWmsi #MIT https://t.co/Io7LeBuCFE
743531419058737157, RT @insidehighered: Examining why female students leave #engineering https://t.co/blSVbhvu3e #MIT https://t.co/qL2MdIzdYJ
743530686620000256, #MIT Study: Sexism Drives #Women From #Engineering https://t.co/rea8w3T0xe https://t.co/5eligMkfex
743529867057242117, Picture yourself in one of these stylish numbers on June 30 for an #MIT Waste Audit! Deets: https://t.co/7AYiuh9vsW https://t.co/LPGHEBYPXn
743528937083535360, RT @insidehighered: Examining why female students leave #engineering https://t.co/blSVbhvu3e #MIT https://t.co/qL2MdIzdYJ
743525360185180160, RT @insidehighered: Examining why female students leave #engineering https://t.co/blSVbhvu3e #MIT https://t.co/qL2MdIzdYJ
743524134798364672, RT @insidehighered: Examining why female students leave #engineering https://t.co/blSVbhvu3e #MIT https://t.co/qL2MdIzdYJ
743522109176020992, TEDx speaker #MIT Prof. Neil Gershenfeld on 6/28&gt;From Bits to Atoms&gt; https://t.co/nOiQzGo1uG #STEXSanDiego @FabFndn https://t.co/IjFx9xhydD
743521078727811072, RT @Cyber_Shouts: Living cells ¬ë #hacked ¬í and #hijacked by #MIT https://t.co/DNmxu39vgt
743520946322083840, RT @insidehighered: Examining why female students leave #engineering https://t.co/blSVbhvu3e #MIT https://t.co/qL2MdIzdYJ
743519879320444928, Living cells ¬ë #hacked ¬í and #hijacked by #MIT https://t.co/DNmxu39vgt
743519511781965824, RT @insidehighered: Examining why female students leave #engineering https://t.co/blSVbhvu3e #MIT https://t.co/qL2MdIzdYJ
743519433050685440, &gt;&gt;&gt;&gt;SHARE THIS&gt;&gt;&gt;&gt; Free Knowledge #MIT
743519075360509953, RT @insidehighered: Examining why female students leave #engineering https://t.co/blSVbhvu3e #MIT https://t.co/qL2MdIzdYJ
743517777349251072, #Ingenier√≠a #M√©xico: Scientists Capture the Energy of Evaporation to Drive Tiny Engines by techreview #MIT https://t.co/h7I794KybD
743517268257103873, RT @insidehighered: Examining why female students leave #engineering https://t.co/blSVbhvu3e #MIT https://t.co/qL2MdIzdYJ
743517156193730560, RT @insidehighered: Examining why female students leave #engineering https://t.co/blSVbhvu3e #MIT https://t.co/qL2MdIzdYJ
743516699115163648, RT @insidehighered: Examining why female students leave #engineering https://t.co/blSVbhvu3e #MIT https://t.co/qL2MdIzdYJ
743516617120878592, RT @insidehighered: Examining why female students leave #engineering https://t.co/blSVbhvu3e #MIT https://t.co/qL2MdIzdYJ
743516518957318144, Examining why female students leave #engineering https://t.co/blSVbhvu3e #MIT https://t.co/qL2MdIzdYJ
743514758524002304, Scientists Capture the Energy of Evaporation to Drive Tiny Engines by @techreview #MIT https://t.co/9Q2GfOafEE
743512133770567680, RT @RossMorley: Stunning news on #Graphene development https://t.co/tjm8SziMwj #nanotech #2D #3D #MIT
743508645241987072, Free Knowledge #mit https://t.co/a2EhQieml3
743504171576365057, Sampler of #MIT research on Justice Inclusion Civil and Human Rights https://t.co/qZOfcftM4J #OrlandoSolidarity https://t.co/os0pMYb4Yr
743492782472433665, #Ingenier√≠a #M√©xico: Nissan GM Give EV Batteries a Second Life by techreview #MIT https://t.co/84iAI2Exvy
743492745554075648, RT @AqueshaMadison: How to stop next #OrlandoShooting https://t.co/e0cTypx2uW #sfsu #sdsu #iupui #uindy #yale #mit #trump2016 #LGBT #UCI #B‚Ä¶
743492114407796736, Nissan GM Give EV Batteries a Second Life by @techreview #MIT https://t.co/f2o398GAmq
743491277644242948, Working on the prototype üåê #MIT #Innovation #Lemelson https://t.co/GKaZsN75Hg
743489287627235329, #MIT course materials all online for free. https://t.co/GYJycNaRdE ... how do you like them apples
743489018386538496, How to stop next #OrlandoShooting https://t.co/e0cTypx2uW #sfsu #sdsu #iupui #uindy #yale #mit #trump2016 #LGBT #UCI #BDS #SJW #uci #UCLA
743487223052517376, RT @johndchisholm: Excited to be in #Shanghai - speaking to #entrepreneurs at #China Financial Information Center as well as #MIT Club @MI‚Ä¶
743487201233645568, RT @h7n33n: 100% UK #Muslims think #LGBT unacceptable; majority would ban it. https://t.co/wtoBMcRhBF #Harvard #Yale #Princeton #Cornell #D‚Ä¶
743486726572740608, RT @madridmvision: IDEA¬≤ Global teams have access to a powerful international mentor network centered on #MIT. Apply now https://t.co/4Bv2‚Ä¶
743486668271923200, RT @oneindiastudy: Want To Become an Entrepreneur? Take This Online Course From MIT @launchsummer @edXOnline @MIT https://t.co/LRcxMcQU3D #‚Ä¶
743482127887572992, RT @Signhom: Dr.Woodie Flowers Prof. Emer. #MIT.Stimulating reflection:"What is the Future of #Education?"http://t.co/qTXqw907JS http://t.‚Ä¶
743481978297540608, RT @aegisidentity: MIT announces new Makerspace - https://t.co/vS4shsN82q #MIT #TechInnovation https://t.co/OxepQKw6FJ
743479755475910656, Valedictorian of #BrooklynTech + #MIT matriculate + @MiddleSchool88 legend visited today! #ProudTeacher #Teachstrong https://t.co/xdyuXJdsfH
743478887057850368, RT @DumasRaphael: cc: @MassBike at least 7 #MIT employees want better flexible bike benefits. https://t.co/Qh99C36BuQ
743478479715450880, cc: @MassBike at least 7 #MIT employees want better flexible bike benefits. https://t.co/Qh99C36BuQ
743474296975134720, RT @ScienceMIT: For 2nd time @LIGO detects #gravitationalwaves. https://t.co/ACBcVgSEbi #MIT @MIT_Physics #blackholes https://t.co/J2epsrv‚Ä¶
743474296455073792, RT @Signhom: Dr.Woodie Flowers Prof. Emer. #MIT.Stimulating reflection:"What is the Future of #Education?"http://t.co/qTXqw907JS http://t.‚Ä¶
743473595058262016, RT @ScienceMIT: For 2nd time @LIGO detects #gravitationalwaves. https://t.co/ACBcVgSEbi #MIT @MIT_Physics #blackholes https://t.co/J2epsrv‚Ä¶
743473470839742465, For 2nd time @LIGO detects #gravitationalwaves. https://t.co/ACBcVgSEbi #MIT @MIT_Physics #blackholes https://t.co/J2epsrvGMz
743472238603681792, RT @vivalabios: Jerks at #MIT https://t.co/C2aNBSUvjB
743470705606594561, RT @Signhom: Dr.Woodie Flowers Prof. Emer. #MIT.Stimulating reflection:"What is the Future of #Education?"http://t.co/qTXqw907JS http://t.‚Ä¶
743469371612241921, RT @MAHESHVYAS7: Department of Mechanical Engineering wins New England Emmy Award for "Hope Regenerated".... #MIT #MechanicalEngineering
743466977042259968, #AlexanderCalder Big Sail #MIT's 1st public art commission is artwork that started their public art program @MIT https://t.co/4maIcXKDql
743465876272386048, Department of Mechanical Engineering wins New England Emmy Award for "Hope Regenerated".... #MIT #MechanicalEngineering
743463943386112000, RT @quantombone: #MIT #ComputerVision Researchers Build Software to Add Sound to Silent Videos https://t.co/zV94qpezKJ #cvpr https://t.co/v‚Ä¶
743463910863474689, RT @ScienceMIT: #MIT researchers find new way to turn electricity into light using #graphene. https://t.co/a00r41gAe6 @MIT_Physics https:/‚Ä¶
743462853131251712, Can a Social Media Algorithm Predict a Terror Attack? - - #MIT - https://t.co/IqYZ3gP38w https://t.co/gfQ7m4uGe9
743462299885834240, RT @lynseykernohan: Successful Entrepreneurship shared by @SeanDuffyEY #BizEco2016 #MIT @ESparkGlobal @UlsterBank @EYnews https://t.co/XnTw‚Ä¶
743460661384994816, #MIT researchers find new way to turn electricity into light using #graphene. https://t.co/a00r41gAe6 @MIT_Physics https://t.co/rzcTp4DvRU
743458056613167104, "@desklap: #MIT researchers publish a legend for #alienhunting | ExtremeTech https://t.co/FRkidOjW5E"
743455420472242176, Unbelievable what/how you can learn today! #MIT #lebenslangeslernen https://t.co/hyNU6a613j
743455270051930112, RT @lynseykernohan: Successful Entrepreneurship shared by @SeanDuffyEY #BizEco2016 #MIT @ESparkGlobal @UlsterBank @EYnews https://t.co/XnTw‚Ä¶
743455187776512000, #MIT puts all of its #coursematerials online for anyone to use completely #free in their own time. They have more... https://t.co/TjnjueQdY8
743454408940392448, The Arch #impei #MIT #HEROIC #concrete #brutalism #misnomer https://t.co/BQXuIigmHV
743453991623868417, See @SkylarTibbits on 6/28 for #MIT #startup showcase! Only 4 days to register&gt;https://t.co/nOiQzGo1uG #STEXSanDiego https://t.co/xaf2pUq5XT
743446200368586753, #MIT Study: Sexism Drives Women From Engineering #equality #women #degrees #careers #jobs #STEM... https://t.co/m1RSV5mdZZ
743442180488953857, # #8211 #Burda #Mit #diy Please RT: https://t.co/mJWxkSiWTv https://t.co/SZ9BWEKve5
743441416253104128, RT @DumasRaphael: I really hope #MIT isn't making money off of patent trolls. Shame on @Stanford. HT @PlanetMoney https://t.co/Oagn4dEnEX
743439862854889477, RT @OperationUSA: So fascinating how #MIT uses data #science robotics etc. to address current state of #food worldwide &amp; drive change! #‚Ä¶
743439650040209408, RT @MITSTEX: Interested in the next frontier of #robotics? Join us as #MIT heads west for 6/28! Register by 6/19&gt;https://t.co/nOiQzGo1uG #S‚Ä¶
743437316266549252, I really hope #MIT isn't making money off of patent trolls. Shame on @Stanford. HT @PlanetMoney https://t.co/Oagn4dEnEX
743433397457018880, Excited to be in #Shanghai - speaking to #entrepreneurs at #China Financial Information Center as well as #MIT Club @MIT_alumni. #startups
