743571082469322752, RT @eimmysolis: Learning about participatory decision making at my leadership workshop! #nyu https://t.co/VeP4rDYeP1
743565035218309124, RT @HashtagNYU: Let the @MuseumModernArt show you all that "modern" can mean for FREE with your #NYU Card. üé®üíØ https://t.co/p9LPTuigVQ
743564120323141632, RT @DirectorGelb: @hallibit + I sat down &amp; spoke about #GrowingUpInTheWings #NYU and #PDD. Check it out and https://t.co/iBW9Ixgbkc https:‚Ä¶
743563597465456641, RT @JamesDevittNYU: For #beach or #subway: #NYU profs staff &amp; students offer not-required #SummerReadingList: https://t.co/VWBZofa8j7 http‚Ä¶
743558808945963008, Let the @MuseumModernArt show you all that "modern" can mean for FREE with your #NYU Card. üé®üíØ https://t.co/p9LPTuigVQ
743553768835284992, We‚Äôre more likely to protect women than men according to #psychology research led by #NYU https://t.co/uT9oLyMvRD https://t.co/SiMtVluVpI
743550964309823488, @hallibit + I sat down &amp; spoke about #GrowingUpInTheWings #NYU and #PDD. Check it out and https://t.co/iBW9Ixgbkc https://t.co/hD5knEZka8
743547953504092160, RT @NYUWasserman: @nyusteinhardt any #nyu teachers looking to find the right school to work at? Check out the below event! https://t.co/1U4‚Ä¶
743545913239474176, When Empie lighted up purple for #nyu graduation...!üíúüåâüóΩ #tbt #nyc #studentlife #bff üì∑:‚Ä¶ https://t.co/R3wHVVtnuR
743544882590015488, RT @JamesDevittNYU: For #beach or #subway: #NYU profs staff &amp; students offer not-required #SummerReadingList: https://t.co/VWBZofa8j7 http‚Ä¶
743535037979713537, Shame on #NYU's Board! They just voted against divesting from fossil fuels. Proud of @nyudivest! Never never never give up. #divest
743534527067394048, hearing at #NYU forum about safari of dynamic #entrepreneurship incl firms created to be sold like #unicorns https://t.co/dedQ2lxGCQ
743534187555262464, #nyu nude protest busty pornstars movies https://t.co/lhMT4togZK https://t.co/80FFJVWv8X
743533675451555840, #NYU! It's time for FREE #hotdogs now til 6pm at 5th Ave &amp; Washington Sq North. Share your snapshots and tell us how delicious we are.
743529194106261504, #NYU Remembering the 5th Sikh Guru and the 1st Sikh martyr today https://t.co/Q5G1IsIMiu https://t.co/NmJoa8tPmQ
743528094426927105, @nyusteinhardt any #nyu teachers looking to find the right school to work at? Check out the below event! https://t.co/1U4acqVyp3
743526126857949184, Tonight 6pm at #KJCC don't miss a short film competition &amp; feature films as part of @TAFFNY3 #NYU https://t.co/QuF5jSxC6I
743522589323190274, I'm going to #NYU the fall! My dream school! :) :D https://t.co/L9mNSHOoxE
743522361056563200, The three cardinal rules of summer: 1. Down water 2. Drench yourself in sunscreen and 3. Demand dessert! https://t.co/fu2mQTsTrF #NYU
743520932195622912, Competition is fierce but #Untapped magazine pitch is complete! #NYU #SummerPublishingInstitute Ready for a drink. https://t.co/tlEHNT7l9B
743518457153601536, The #NYU Weekly Review: Community Health Forum Urban Future Lab launches competition Pell and NIH Funding Update https://t.co/INcX8dU1nx
743514414519844864, RT @NYUSternUP: Tracking global urban growth w the UN Sample of Cities‚Äîtripartite collaboration between #NYU @landpolicy @UNHABITAT https:/‚Ä¶
743511556244250624, ICYMI: #NYU signed the @WhiteHouse #FairChancePledge: https://t.co/1MYVzOsepR via @nyuniversity #education #job #hiring
743504869005328388, RT @nyuniversity: An #NYU baseball player has been selected in the #MLBdraft. CONGRATS CJ Picerni! https://t.co/45ekxQuVAi https://t.co/Tp‚Ä¶
743504327457837057, RT @NYUEntrepreneur: "Your vision has to be bigger than you." ~ @teamreboot sharing his wisdom with #NYUSLP entrepreneurs #NYU https://t.co‚Ä¶
743501139304456192, We are live at #NYU for the Community Health Forum! #AgingWithAttitude https://t.co/9ZhzuLXkwg
743498431600205824, The Venezuelan working class at a crossroads - World Socialist Web Site https://t.co/6eJ7nyAZxz #Venezuela #CUNY #NYU #Columbia
743492777678413824, RT @HashtagNYU: Having trouble decorating your #NYU summer housing? Already looking for inspiration for the Fall? Worry not: https://t.co/T‚Ä¶
743492534463234048, #NYU Global Social Media @SocialNewsCorp https://t.co/NqZvDChU0v Via #Twitter and YouTube @nyuniversity
743492395652743168, Having trouble decorating your #NYU summer housing? Already looking for inspiration for the Fall? Worry not: https://t.co/TbZVLNyNkF
743491413657141248, Which stations would you choose at our Speed Dating game if you only had time for three? #NYU #UCF #amc @USEmbRu https://t.co/RYgZIKU83y
743487481966825472, RT @BARRYCUDA3: @BARRYCUDA3 @CAPTDSPAWN5 @NRA @realdonaldtrump MUSLIM OBAMA'S FELLOW MUSLIMS KILL GAYS WORLDWIDE DAILYüíÄ#UCSB #NYU https://t‚Ä¶
743484756747292672, RT @nyuniversity: An #NYU baseball player has been selected in the #MLBdraft. CONGRATS CJ Picerni! https://t.co/45ekxQuVAi https://t.co/Tp‚Ä¶
743481487060668417, RT @colesprouse: We just graduated! Dylan bit me right after the last pic. #NYU http://t.co/xTb8g1YNW6
743480114852225024, RT @colesprouse: We just graduated! Dylan bit me right after the last pic. #NYU http://t.co/xTb8g1YNW6
743478550259335168, RT @emmyrossum: On tap for today final class at #nyu before heading to start #shameless!!! üòÇüé•üìù
743477590740992000, RT @nyuniversity: An #NYU baseball player has been selected in the #MLBdraft. CONGRATS CJ Picerni! https://t.co/45ekxQuVAi https://t.co/Tp‚Ä¶
743475796350767104, RT @nyuniversity: The @WSJ on the #FairChancePledge that #NYU and 24 schools took in a #WhiteHouse ceremony: https://t.co/tDLZLNivA7 https:‚Ä¶
743474541620502528, For #beach or #subway: #NYU profs staff &amp; students offer not-required #SummerReadingList: https://t.co/VWBZofa8j7 https://t.co/Ugmne54RX0
743474025972695040, RT @nyuniversity: An #NYU baseball player has been selected in the #MLBdraft. CONGRATS CJ Picerni! https://t.co/45ekxQuVAi https://t.co/Tp‚Ä¶
743473392574136325, Be part of a quintessential #NYC experience and see Shakespeare in the Park this summer https://t.co/gGbi9TAjmV #NYU https://t.co/PLt8pbnN7Z
743473243575640065, Check out #WilliamEasterly's project to show the changes happening throughout history to one #NYC block: https://t.co/YjzIJzUyxh #NYU
743473114839916544, RT @emmyrossum: On tap for today final class at #nyu before heading to start #shameless!!! üòÇüé•üìù
743473047508779008, #ICYMI -- Watch a slideshow recap of #graduation: https://t.co/P4qpShCUKj. Congrats grads! #nyu
743471478834855937, An #NYU baseball player has been selected in the #MLBdraft. CONGRATS CJ Picerni! https://t.co/45ekxQuVAi https://t.co/Tp5W85irWp
743471232750850048, Master's/professional students: Can you describe your work in 3 minutes? Enter #NYU's Lightening Challenge by 7/1: https://t.co/3nv5WiIwXT
743462179421196289, #CBS #NYU Partner on #Media #Analytics | Multichannel https://t.co/OnMPokgj8J #Marketing #MarketingNews #Research #Broadcast #TVconsumption
743461933739806720, Want to be cool? üÜíüÜíüÜí? We‚Äôve got just the thing for you! https://t.co/QsiFRU3dN5 #NYU https://t.co/ZEcg8nPw9O
743457795693940736, RT @GoodMusicAllDay: After blowing away @Pharrell at #NYU @maggierogers shares the full mixed &amp; mastered version of her song "Alaska." htt‚Ä¶
743457699484950532, RT @SocialBigApple: #NYU Global Social Media @SocialNewsCorp https://t.co/SIFsjO06jw
743457676085035008, RT @GoodMusicAllDay: After blowing away @Pharrell at #NYU @maggierogers shares the full mixed &amp; mastered version of her song "Alaska." htt‚Ä¶
743451958149783552, #NYU #internship #grant - Check it out! https://t.co/RoOtEM9YKM
743451263619244032, RT @NYUNursing: We can never allow hatred and violence to stand in the way of freedom dignity wholeness compassion and equality. #Orlan‚Ä¶
743450063989518337, Learning about participatory decision making at my leadership workshop! #nyu https://t.co/VeP4rDYeP1
743448046831284224, RT @NYUEntrepreneur: "Your vision has to be bigger than you." ~ @teamreboot sharing his wisdom with #NYUSLP entrepreneurs #NYU https://t.co‚Ä¶
743443944525045761, Followed a bunch of #NYU related handles cause I'm ready to be a part of @nyuniversity @NYU_GSAS_MA this fall!
743443927563374593, RT @ArtsandScience: Washington Square Park in 1962. #TBT #NYU https://t.co/FYhBrZlxY9
743443024005337092, RT @NYUEntrepreneur: "Your vision has to be bigger than you." ~ @teamreboot sharing his wisdom with #NYUSLP entrepreneurs #NYU https://t.co‚Ä¶
743441400734289920, RT @nyuniversity: Master's/professional students: Can you describe your work in 3 minutes? Enter #NYU's Lightening Challenge by 7/1: https:‚Ä¶
743441149336104960, "Your vision has to be bigger than you." ~ @teamreboot sharing his wisdom with #NYUSLP entrepreneurs #NYU https://t.co/NiiDwXKDHZ
743440767079825409, The NYU uses the Builder Premium Large for all kind of print jobs. This time they printed a bone (Fibula). #3d #NYU https://t.co/xaM6SE65MV
743439242467090432, RT @iMercantile: #ACRE #incubator: #NYU Urban Future Lab Competition to Attract #SmartCity #SmartGrid #Startups https://t.co/jgEXq6i6MR
743438668233334784, 4 my #NYU #compstrat stars - Case for our brand strategy discussions next week. Can VW the biz save VW the brand?... https://t.co/s1cvM8uxsd
743438056334761985, #ACRE #incubator: #NYU Urban Future Lab Competition to Attract #SmartCity #SmartGrid #Startups https://t.co/jgEXq6i6MR
743434837990662144, Washington Square Park in 1962. #TBT #NYU https://t.co/FYhBrZlxY9
743424450419363842, #NYU runs on a microgrid a semi-independent #energy system to generate &amp; store its own power https://t.co/qzxS3UF9eH via @bi_contributors
743421005956259842, RT @colesprouse: We just graduated! Dylan bit me right after the last pic. #NYU http://t.co/xTb8g1YNW6
743323417735114753, RT @HashtagNYU: Feeling that AC water dripping right on your forehead as you're walking in #NYC. #NYU https://t.co/LdMOOWz1wj
743304395895406592, RT @NYUEntrepreneur: Calling all writers podcasters photographers and visionaries! #NYU2020 make your mark in student media! https://t.‚Ä¶
743304224092491776, Beautiful song by @maggierogers  the #NYU music student with @Pharrell 's approval https://t.co/lpbnWocq0B #Alaska
743300378389708804, RT @nyuniversity: 39 books to read this summer recommended by #NYU faculty students and staff: https://t.co/kSOGAvcjYP https://t.co/tCB3‚Ä¶
743292244036227072, RT @colesprouse: We just graduated! Dylan bit me right after the last pic. #NYU http://t.co/xTb8g1YNW6
743287363242188800, RT @NYUEntrepreneur: Calling all writers podcasters photographers and visionaries! #NYU2020 make your mark in student media! https://t.‚Ä¶
743285294984634368, RT @nyuniversity: 39 books to read this summer recommended by #NYU faculty students and staff: https://t.co/kSOGAvcjYP https://t.co/tCB3‚Ä¶
743267768254922753, In case u missed this-#Nvidia teaming up w/ #NYU &amp; its #deeplearning team for pioneering tech in... https://t.co/VAQCsiSGc0
743267741616873472, In case u missed this-#Nvidia teaming up w/ #NYU &amp; its #deeplearning team for pioneering tech in #AutonomousDriving https://t.co/0ExjhEA15g
743267478336339968, After blowing away Pharrell at #NYU maggierogers shares the full mixed &amp; mastered version of her song "Alaska." https://t.co/BLAAuiXyue
743263444426600448, RT @GoodMusicAllDay: After blowing away @Pharrell at #NYU @maggierogers shares the full mixed &amp; mastered version of her song "Alaska." htt‚Ä¶
743263126334771200, After blowing away @Pharrell at #NYU @maggierogers shares the full mixed &amp; mastered version of her song "Alaska." https://t.co/gw2UegcV1m
743262953374265345, After blowing away @Pharrell at #NYU @maggierogers shares the full mixed &amp; mastered version of her song "Alaska." https://t.co/jIa2WamItS
743259668898848768, RT @CenterForMSIs: ELEVATE Workshop 2: "The Four Quarters of the Tenure Game: As a Scholar of Color" with Stella Flores @ProfessorFlores fr‚Ä¶
743251791786180608, RT @NYUNursing: Congrats to Ellen Flaherty '04 who was named president of @AmerGeriatrics! #nursing #nyu #ouralumsrule https://t.co/r4FYfJv‚Ä¶
743250541942312960, Calling all writers podcasters photographers and visionaries! #NYU2020 make your mark in student media! https://t.co/RPr1Pia8iT #NYU
743237981968830464, RT @colesprouse: We just graduated! Dylan bit me right after the last pic. #NYU http://t.co/xTb8g1YNW6
743237663151521792, View of Bobst and the #NYU Student Centre from Washington Square Park. Good to see you again @nyuniversity https://t.co/A1fQhfU6kk
743233389008826371, RT @VickiStylianou: #NYU forum hears from NZ #smallbiz and stats minister says that if NZ doesn't export it dies and supporter of #TPP
743233375427661824, RT @VickiStylianou: #NYU forum hears that sharing economy may have created huge increase in part-time #entrepreneurs but people are not lea‚Ä¶
743233351037792256, RT @VickiStylianou: Based on #OECD seems many countries have similar #smallbiz policies. Fewer #smallbiz in US but annual data not good eno‚Ä¶
743233335065907200, RT @VickiStylianou: #NYU forum hears from US #smallbiz administration #SBA that policies are cyclical but should be counter-cyclical
743233317634400256, RT @VickiStylianou: opportunity driven #entrepreneurship should be supported by govt policy over #startups that are just making a living he‚Ä¶
743233289125695488, RT @VickiStylianou: #Korean #smallbiz minister talks about intelligence + #digital + physical world + #bio world to create jobs and growth‚Ä¶
743233269806751745, RT @VickiStylianou: Korean #smallbiz minister addresses #NYU forum on Korean #entrepreneurship driven by the creative economy https://t.co/‚Ä¶
743233251557277696, RT @VickiStylianou: #NYU forum hears that #VC talks about walking dead firms using up valuable capital. Better to have fast no than slow yes
743233238240366592, RT @VickiStylianou: Stats on #smallbiz failure depend on definitions of "being in business" and of "failure" and measurement methods but ma‚Ä¶
743233213946966017, RT @VickiStylianou: So many indicators of conditions influencing #entrepreneurship incl Global Competitiveness Index hears #NYU forum https‚Ä¶
743233195693346816, RT @VickiStylianou: #WorldBank #entrepreneurship database has 212 economies based on national business registrations but not informal econo‚Ä¶
743233162952617984, RT @VickiStylianou: #UNCTAD has really good policy framework for measuring #entrepreneurship tip at #NYU forum
743233136633356288, RT @VickiStylianou: Actions conditions outcomes and impact all interact hears #NYU forum about #entrepreneurship policy https://t.co/VQ1c4H‚Ä¶
743233111794679809, RT @VickiStylianou: What are right #entrepreneurship indicators and what are influences. GEM framework is used hears #NYU forum https://t.c‚Ä¶
743233091720753152, RT @VickiStylianou: #NYU forum many examples of global policy changes incl Sth Africa online regn for #smallbiz via banks is good in theory‚Ä¶
