743590888941621248, RT @jaclynf: Turns out the entire #Stanford women’s swim team knew Brock Turner was dangerous. But the school silenced them. https://t.co/s…
743590830305312769, RT @abc7newsBayArea: Petition to recall judge in #BrockTurner case reaches nearly 1 million signatures will be delivered Fri. https://t.co…
743590753541054465, RT @jaclynf: Turns out the entire #Stanford women’s swim team knew Brock Turner was dangerous. But the school silenced them. https://t.co/s…
743590465245614080, RT @jaclynf: Turns out the entire #Stanford women’s swim team knew Brock Turner was dangerous. But the school silenced them. https://t.co/s…
743590419930484736, RT @jaclynf: Turns out the entire #Stanford women’s swim team knew Brock Turner was dangerous. But the school silenced them. https://t.co/s…
743590347876372480, RT @jaclynf: Turns out the entire #Stanford women’s swim team knew Brock Turner was dangerous. But the school silenced them. https://t.co/s…
743590018900365313, RT @jaclynf: Turns out the entire #Stanford women’s swim team knew Brock Turner was dangerous. But the school silenced them. https://t.co/s…
743589748170592257, RT @jaclynf: Turns out the entire #Stanford women’s swim team knew Brock Turner was dangerous. But the school silenced them. https://t.co/s…
743589153502171136, RT @jaclynf: Turns out the entire #Stanford women’s swim team knew Brock Turner was dangerous. But the school silenced them. https://t.co/s…
743588983431651328, RT @jaclynf: Turns out the entire #Stanford women’s swim team knew Brock Turner was dangerous. But the school silenced them. https://t.co/s…
743588851596333056, RT @jaclynf: Turns out the entire #Stanford women’s swim team knew Brock Turner was dangerous. But the school silenced them. https://t.co/s…
743588762320515072, RT @jaclynf: Turns out the entire #Stanford women’s swim team knew Brock Turner was dangerous. But the school silenced them. https://t.co/s…
743588505008414720, RT @jaclynf: Turns out the entire #Stanford women’s swim team knew Brock Turner was dangerous. But the school silenced them. https://t.co/s…
743588496430903296, RT @jaclynf: Turns out the entire #Stanford women’s swim team knew Brock Turner was dangerous. But the school silenced them. https://t.co/s…
743588490307375104, RT @jaclynf: Turns out the entire #Stanford women’s swim team knew Brock Turner was dangerous. But the school silenced them. https://t.co/s…
743588357054226432, RT @jaclynf: Turns out the entire #Stanford women’s swim team knew Brock Turner was dangerous. But the school silenced them. https://t.co/s…
743588302914129920, RT @jaclynf: Turns out the entire #Stanford women’s swim team knew Brock Turner was dangerous. But the school silenced them. https://t.co/s…
743588268063657984, RT @jaclynf: Turns out the entire #Stanford women’s swim team knew Brock Turner was dangerous. But the school silenced them. https://t.co/s…
743587915272335361, RT @jaclynf: Turns out the entire #Stanford women’s swim team knew Brock Turner was dangerous. But the school silenced them. https://t.co/s…
743587913728921605, RT @jaclynf: Turns out the entire #Stanford women’s swim team knew Brock Turner was dangerous. But the school silenced them. https://t.co/s…
743587904996413440, RT @jaclynf: Turns out the entire #Stanford women’s swim team knew Brock Turner was dangerous. But the school silenced them. https://t.co/s…
743587711232184320, RT @jaclynf: Turns out the entire #Stanford women’s swim team knew Brock Turner was dangerous. But the school silenced them. https://t.co/s…
743587630609227776, #Stanford #thehuntingground How an alarming num of colleges hides their Title IX violations https://t.co/vYp14lDCKV https://t.co/GevO3BPRlD
743587591820185600, RT @jaclynf: Turns out the entire #Stanford women’s swim team knew Brock Turner was dangerous. But the school silenced them. https://t.co/s…
743587126445481984, RT @jaclynf: Turns out the entire #Stanford women’s swim team knew Brock Turner was dangerous. But the school silenced them. https://t.co/s…
743587037991706624, RT @jaclynf: Turns out the entire #Stanford women’s swim team knew Brock Turner was dangerous. But the school silenced them. https://t.co/s…
743587007721512961, RT @jaclynf: Turns out the entire #Stanford women’s swim team knew Brock Turner was dangerous. But the school silenced them. https://t.co/s…
743586915157446656, RT @jaclynf: Turns out the entire #Stanford women’s swim team knew Brock Turner was dangerous. But the school silenced them. https://t.co/s…
743586804159418368, RT @jaclynf: Turns out the entire #Stanford women’s swim team knew Brock Turner was dangerous. But the school silenced them. https://t.co/s…
743586740204601344, RT @jaclynf: Turns out the entire #Stanford women’s swim team knew Brock Turner was dangerous. But the school silenced them. https://t.co/s…
743586483391520769, RT @jaclynf: Turns out the entire #Stanford women’s swim team knew Brock Turner was dangerous. But the school silenced them. https://t.co/s…
743586431751225344, RT @CSNMDVSA: Judge who issued controversial sentence in #Stanford trial removed from a new sexual assault case. https://t.co/LUZ9q29l6k #S…
743586412432334848, RT @jaclynf: Turns out the entire #Stanford women’s swim team knew Brock Turner was dangerous. But the school silenced them. https://t.co/s…
743586396535853056, RT @CSNMDVSA: Juror in #Stanford sexual assault case says judge made 'mockery' of justice. https://t.co/JUnUOkyGdz #StanfordRapist #BrockTu…
743586343717081088, RT @CNNnewsroom: Congressman @JudgeTedPoe on #Stanford rape case: The punishment for rape should be longer than a semester in college https…
743586118243753984, RT @jaclynf: Turns out the entire #Stanford women’s swim team knew Brock Turner was dangerous. But the school silenced them. https://t.co/s…
743585950010384384, RT @jaclynf: Turns out the entire #Stanford women’s swim team knew Brock Turner was dangerous. But the school silenced them. https://t.co/s…
743585901658267648, RT @WatchMojo: Top 10 Facts About The #Stanford Sexual Assault Case https://t.co/I6F1toFTdX https://t.co/EOUjFCCMhk
743585878925250561, RT @jaclynf: Turns out the entire #Stanford women’s swim team knew Brock Turner was dangerous. But the school silenced them. https://t.co/s…
743585779960655872, RT @jaclynf: Turns out the entire #Stanford women’s swim team knew Brock Turner was dangerous. But the school silenced them. https://t.co/s…
743585759152615425, RT @lannadelgrey: #Stanford women's swim team say they're not surprised by #BrockTurner's actions https://t.co/O5bvaTRMjd
743585598703865856, RT @jaclynf: Turns out the entire #Stanford women’s swim team knew Brock Turner was dangerous. But the school silenced them. https://t.co/s…
743585578260774912, RT @jaclynf: Turns out the entire #Stanford women’s swim team knew Brock Turner was dangerous. But the school silenced them. https://t.co/s…
743585476137746432, RT @dianamaps: #Map archive at #Stanford #open to all https://t.co/VRXlkoi1wV #geography #cartography
743585362736472065, RT @jaclynf: Turns out the entire #Stanford women’s swim team knew Brock Turner was dangerous. But the school silenced them. https://t.co/s…
743585253009276928, RT @jaclynf: Turns out the entire #Stanford women’s swim team knew Brock Turner was dangerous. But the school silenced them. https://t.co/s…
743585154145345539, RT @jaclynf: Turns out the entire #Stanford women’s swim team knew Brock Turner was dangerous. But the school silenced them. https://t.co/s…
743584603856838656, RT @jaclynf: Turns out the entire #Stanford women’s swim team knew Brock Turner was dangerous. But the school silenced them. https://t.co/s…
743584530770976769, RT @jaclynf: Turns out the entire #Stanford women’s swim team knew Brock Turner was dangerous. But the school silenced them. https://t.co/s…
743584438878093312, RT @jaclynf: Turns out the entire #Stanford women’s swim team knew Brock Turner was dangerous. But the school silenced them. https://t.co/s…
743584374700924928, RT @jaclynf: Turns out the entire #Stanford women’s swim team knew Brock Turner was dangerous. But the school silenced them. https://t.co/s…
743584187643371520, RT @dianamaps: #Map archive at #Stanford #open to all https://t.co/VRXlkoi1wV #geography #cartography
743584116667387904, RT @jaclynf: Turns out the entire #Stanford women’s swim team knew Brock Turner was dangerous. But the school silenced them. https://t.co/s…
743584047855767552, Here's How People Protested The #BrockTurner Sentencing At #Stanford's Graduation https://t.co/HdCE5oCVbf https://t.co/Ibe99MvA3B
743583988636336128, RT @jaclynf: Turns out the entire #Stanford women’s swim team knew Brock Turner was dangerous. But the school silenced them. https://t.co/s…
743583790379966465, RT @jaclynf: Turns out the entire #Stanford women’s swim team knew Brock Turner was dangerous. But the school silenced them. https://t.co/s…
743583752798896129, RT @jaclynf: Turns out the entire #Stanford women’s swim team knew Brock Turner was dangerous. But the school silenced them. https://t.co/s…
743583533789233153, RT @jaclynf: Turns out the entire #Stanford women’s swim team knew Brock Turner was dangerous. But the school silenced them. https://t.co/s…
743583420903755776, RT @jaclynf: Turns out the entire #Stanford women’s swim team knew Brock Turner was dangerous. But the school silenced them. https://t.co/s…
743583365094318080, RT @jaclynf: Turns out the entire #Stanford women’s swim team knew Brock Turner was dangerous. But the school silenced them. https://t.co/s…
743583355606806529, RT @jaclynf: Turns out the entire #Stanford women’s swim team knew Brock Turner was dangerous. But the school silenced them. https://t.co/s…
743583216448090112, RT @jaclynf: Turns out the entire #Stanford women’s swim team knew Brock Turner was dangerous. But the school silenced them. https://t.co/s…
743583137788207105, RT @jaclynf: Turns out the entire #Stanford women’s swim team knew Brock Turner was dangerous. But the school silenced them. https://t.co/s…
743583059010674688, RT @jaclynf: Turns out the entire #Stanford women’s swim team knew Brock Turner was dangerous. But the school silenced them. https://t.co/s…
743583051708391424, RT @jaclynf: Turns out the entire #Stanford women’s swim team knew Brock Turner was dangerous. But the school silenced them. https://t.co/s…
743582892450848768, RT @mc1748: #Stanford University Confirms #DNC #ElectionFraud https://t.co/xSETy1as0G #EndCorruption #Enough #PoliticalRevolution #NotMeUs…
743582652226281472, RT @jaclynf: Turns out the entire #Stanford women’s swim team knew Brock Turner was dangerous. But the school silenced them. https://t.co/s…
743582613600894976, RT @jaclynf: Turns out the entire #Stanford women’s swim team knew Brock Turner was dangerous. But the school silenced them. https://t.co/s…
743582585364832261, RT @jaclynf: Turns out the entire #Stanford women’s swim team knew Brock Turner was dangerous. But the school silenced them. https://t.co/s…
743582051769671680, RT @jaclynf: Turns out the entire #Stanford women’s swim team knew Brock Turner was dangerous. But the school silenced them. https://t.co/s…
743581964184264704, RT @lannadelgrey: #Stanford women's swim team say they're not surprised by #BrockTurner's actions https://t.co/O5bvaTRMjd
743581917908504577, RT @jaclynf: Turns out the entire #Stanford women’s swim team knew Brock Turner was dangerous. But the school silenced them. https://t.co/s…
743581836509470720, RT @jaclynf: Turns out the entire #Stanford women’s swim team knew Brock Turner was dangerous. But the school silenced them. https://t.co/s…
743581709099139072, RT @jaclynf: Turns out the entire #Stanford women’s swim team knew Brock Turner was dangerous. But the school silenced them. https://t.co/s…
743581391720316928, RT @jaclynf: Turns out the entire #Stanford women’s swim team knew Brock Turner was dangerous. But the school silenced them. https://t.co/s…
743581200606986240, RT @jaclynf: Turns out the entire #Stanford women’s swim team knew Brock Turner was dangerous. But the school silenced them. https://t.co/s…
743581184395976704, RT @chiller: #Stanford "pressured women" to not write to the judge re their preexisting concerns about #BrockTurner. https://t.co/SKM4nrHF…
743580829067120640, RT @jaclynf: Turns out the entire #Stanford women’s swim team knew Brock Turner was dangerous. But the school silenced them. https://t.co/s…
743580718232657920, RT @jaclynf: Turns out the entire #Stanford women’s swim team knew Brock Turner was dangerous. But the school silenced them. https://t.co/s…
743580586837741568, https://t.co/w5N5HFWbiD 2016 Stanford Commencement address by Ken Burns #StanfordUniversity #stanford #video
743580581200420864, RT @KIRO7Seattle: Judge in #BrockTurner case removed from new sexual assault case #Stanford https://t.co/9AlQjSnfjJ https://t.co/fbgrasUN…
743580546509352960, RT @chiller: #Stanford "pressured women" to not write to the judge re their preexisting concerns about #BrockTurner. https://t.co/SKM4nrHF…
743580367710359552, RT @jaclynf: Turns out the entire #Stanford women’s swim team knew Brock Turner was dangerous. But the school silenced them. https://t.co/s…
743580296466022400, RT @jaclynf: Turns out the entire #Stanford women’s swim team knew Brock Turner was dangerous. But the school silenced them. https://t.co/s…
743580277679751168, RT @dianamaps: #Map archive at #Stanford #open to all https://t.co/VRXlkoi1wV #geography #cartography
743580227780022272, RT @Change: ICYMI: 1M people want to get rid of #AaronPersky for his decision on the #Stanford rape case https://t.co/PRJ2abNC0Q https://t.…
743580216992333824, RT @jaclynf: Turns out the entire #Stanford women’s swim team knew Brock Turner was dangerous. But the school silenced them. https://t.co/s…
743580043641655296, RT @sfpelosi: Thank you @RepSpeier! #Stanford #rapecultureiswhen https://t.co/5xxmgJLkZk
743580041309609986, RT @jaclynf: Turns out the entire #Stanford women’s swim team knew Brock Turner was dangerous. But the school silenced them. https://t.co/s…
743580021286047744, RT @jaclynf: Turns out the entire #Stanford women’s swim team knew Brock Turner was dangerous. But the school silenced them. https://t.co/s…
743580005075038208, RT @abc7newsBayArea: Petition to recall judge in #BrockTurner case reaches nearly 1 million signatures will be delivered Fri. https://t.co…
743579989099036672, Lawmakers read Stanford rape victim's letter to attacker #Stanford https://t.co/zWQCBa1Aek
743579966239965184, RT @jaclynf: Turns out the entire #Stanford women’s swim team knew Brock Turner was dangerous. But the school silenced them. https://t.co/s…
743579928176754689, RT @jaclynf: Turns out the entire #Stanford women’s swim team knew Brock Turner was dangerous. But the school silenced them. https://t.co/s…
743579857649442816, RT @CNNnewsroom: Congressman @JudgeTedPoe on #Stanford rape case: The punishment for rape should be longer than a semester in college https…
743579806084694017, RT @UniteWomenOrg: Congress Will Read Aloud Full #Stanford #SexualAssault Victim's Statement https://t.co/rMpRQOCAuj #BrockTurnerIsARapist…
743579750510141441, RT @jaclynf: Turns out the entire #Stanford women’s swim team knew Brock Turner was dangerous. But the school silenced them. https://t.co/s…
743579693866164224, RT @jaclynf: Turns out the entire #Stanford women’s swim team knew Brock Turner was dangerous. But the school silenced them. https://t.co/s…
743579472406863874, RT @DrDrewHLN: Dr. Drew can't believe that #BrockTurner doesn't feel SOME responsibility. #Stanford https://t.co/b0upkZZSoI
743579396422901764, RT @jaclynf: Turns out the entire #Stanford women’s swim team knew Brock Turner was dangerous. But the school silenced them. https://t.co/s…
