743527567446052864, Why #BSD #Israel the only Middle East country where #Christian pop. is increasing? #UCI #UCB #IUB #IUPUI #UIndy #UC https://t.co/KHGepbWMR7
743524596943446017, It's the #Quran that talks sh** on #Islam &amp; death to #Infidels. @AzizAmirov #SDSU #SFSU #UCB #IUPUI #UMich #Yale https://t.co/zJNgGgyxsc
743523935380086784, Better to ban #Islam before the #LGBT #genocide. 10 #Muslim states kill gays. #SDSU #UCIrvine #UCB #SFSU @AzizAmirov https://t.co/jWFdX2wyoi
743497458227896320, RT @h7n33n: The fate of moderate Arabs in #Gaza. @JCCWatch @PiccoloDaimaoJr @ahmetmussa @eddie1971nyc @shim_rational #SJP #JVP #UIndy #SDSU‚Ä¶
743491856227434496, RT @myravery: "With robots it's like teaching cooking as a story to an alien baby who only understands math" Zoe McCarthy #UCB #everything‚Ä¶
743491646096965632, "With robots it's like teaching cooking as a story to an alien baby who only understands math" Zoe McCarthy #UCB #everythingismedia @iftf
743487464656896000, RT @h7n33n: Why does #SJP boycott #Israel #LGBT friend but not the 10 Middle East states that murder #LGBT? #SDSU #SFSU #UCB https://t.co‚Ä¶
743486774530318340, RT @h7n33n: #GunControl is not enough. Stop #Muslim immigration new mosques. https://t.co/RIXrPGSMkN @JaredWyand #SDSU #SFSU #UCI #UCB #LG‚Ä¶
743485174302703617, RT @h7n33n: #SanFrancisco's #RegressiveLeft leaders won't stop the #GayGenocide. Bravo to #WestHollywood. https://t.co/OL0lhAbJGw #SFSU #UC‚Ä¶
743485071676452864, RT @h7n33n: The fate of moderate Arabs in #Gaza. @JCCWatch @PiccoloDaimaoJr @ahmetmussa @eddie1971nyc @shim_rational #SJP #JVP #UIndy #SDSU‚Ä¶
743474034063646720, RT @h7n33n: The fate of moderate Arabs in #Gaza. @JCCWatch @PiccoloDaimaoJr @ahmetmussa @eddie1971nyc @shim_rational #SJP #JVP #UIndy #SDSU‚Ä¶
743472193527488512, Spot just opened up in an intensive for Improv 101. Mon-Fri 9am-4pm | https://t.co/Vsajlt4iRS #UCB
743471315676323840, The fate of moderate Arabs in #Gaza. @JCCWatch @PiccoloDaimaoJr @ahmetmussa @eddie1971nyc @shim_rational #SJP #JVP #UIndy #SDSU #SFSU #UCB
743465652799700993, RT @h7n33n: #SanFrancisco's #RegressiveLeft leaders won't stop the #GayGenocide. Bravo to #WestHollywood. https://t.co/OL0lhAbJGw #SFSU #UC‚Ä¶
743465625691971590, #SanFrancisco's #RegressiveLeft leaders won't stop the #GayGenocide. Bravo to #WestHollywood. https://t.co/OL0lhAbJGw #SFSU #UCB #SanJose
743462820310847488, Spot just opened up in Del Close Marathon Workshop with Lydia Hensler. Wednesday 7pm-10pm 6/22/16 | https://t.co/uLqGQ1fFsb #UCB
743454497779892224, Spot just opened up in Improv 101 with Jeremy Bent. Tuesdays 7-10pm | https://t.co/5AmeoOLBhP #UCB
743450634754498562, Benefits of a handmade SHAMPOO BAR https://t.co/DsXsdWG7yi #blacktwitter #houston #atlanta #ChiTown #handmade #ucb https://t.co/UbTCTPhLfK
743446938352123905, RT @LionsRoarPromo: This would have been #Epic but #God knows best &amp; we are very connected #StayTuned 2 book #UCB UCBBookings@gmail.com ht‚Ä¶
743444139287711744, RT @LionsRoarPromo: This would have been #Epic but #God knows best &amp; we are very connected #StayTuned 2 book #UCB UCBBookings@gmail.com ht‚Ä¶
743444034472022016, This would have been #Epic but #God knows best &amp; we are very connected #StayTuned 2 book #UCB UCBBookings@gmail.com https://t.co/vkKjMdY2vI
743440200467095552, Spot just opened up in an intensive for Improv 201. Mon-Fri 9am-12pm | https://t.co/7COh7xkv4U #UCB
743395491241664512, Women's #Clothing - 50% OFF or more on #VeroModa #ONLY #UCB and more https://t.co/C4Z3k6XlNS #OnlineDeals #Snapdeal https://t.co/T3wHsbOmdX
743384304391094272, RT @baapoffers: UCB Amazon #fashion Offer -UCB Clothing Flat 80% OFF for Men and Women on #Amazon https://t.co/H0pal3E3h1 #ucb #offer #Dea‚Ä¶
743348282466799616, Spot just opened up in an intensive for Improv 201. Mon-Fri 9am-12pm | https://t.co/0ez5oOd44F #UCB
743318535607201792, Spot just opened up in Improv 101 with Caroline Cotter. Mondays 3:30-6:30pm | https://t.co/kXNnt94kGR #UCB
743317046155325442, Popping my #UCB cage match cherry and I'm ever so exited ! #semi
743314249812869120, RT @baapoffers: UCB Amazon #fashion Offer -UCB Clothing Flat 80% OFF for Men and Women on #Amazon https://t.co/H0pal3E3h1 #ucb #offer #Dea‚Ä¶
743313407877619712, RT @baapoffers: UCB Amazon #fashion Offer -UCB Clothing Flat 80% OFF for Men and Women on #Amazon https://t.co/H0pal3E3h1 #ucb #offer #Dea‚Ä¶
743312537077178369, UCB Amazon #fashion Offer -UCB Clothing Flat 80% OFF for Men and Women on #Amazon https://t.co/H0pal3E3h1 #ucb #offer #DealoftheDay
743303661623742465, Went to #UCB Chelsea &amp; got much needed laughs from @michcoll she was amazing! #magicmichxxl
743258588626333697, RT @h7n33n: #GunControl is not enough. Stop #Muslim immigration new mosques. https://t.co/RIXrPGSMkN @JaredWyand #SDSU #SFSU #UCI #UCB #LG‚Ä¶
743257109077204992, #GunControl is not enough. Stop #Muslim immigration new mosques. https://t.co/RIXrPGSMkN @JaredWyand #SDSU #SFSU #UCI #UCB #LGBTQ #Orlando
743232973747687428, Getting our laughs on (and doing our homework) #nyc #comedy #ucb #improv https://t.co/1IVkeN12Ci
743228896305250304, it'll all hit when i finally pick my classes #ucb üéìüôå
743212986840547328, Anyone have a link to the original ass pennies skit? #ucb
743200834670854146, Berkeley Crowdfunding applications are now being accepted for funding projects next Fall https://t.co/1SeoFHzz2t #PhD #entrepreneur #ucb
743191446971383808, BSU Crew üëäüèΩüëäüèøüëäüèæ UC Berkeley 2016 Summerfest #StaffAppreciation #UCB #UCBerkeley #BSU #BlackPride‚Ä¶ https://t.co/kGAAMmYCSZ
743188086067171332, Spot just opened up in Del Close Marathon Workshop with Lydia Hensler. Wednesday 7pm-10pm 6/22/16 | https://t.co/uLqGQ1fFsb #UCB
743149607954288640, Spot just opened up in Improv 101 with Johnna Scrabis. Thursdays 7-10pm | https://t.co/atBb1Hgp3B #UCB
743141684951789568, #UCB #actor #actingafool #gradshow These fools are forever apart of my journey and it's so‚Ä¶ https://t.co/E97sKpFgiC
743141021970751488, RT @alanROYGBIV: The conclusion slide from #ucb #medical #health #efpclinical cc @pharmaphorum https://t.co/zDZhtggwpF
743140628763131904, Well that was fun!!! ‚ò∫Ô∏è #ucb grad show! I may be addicted #actor #actingafool #comedy #tragedy‚Ä¶ https://t.co/droICneKhW
743135577206325248, RT @JanelleBowden: Nice Roadmap for how patients can be involved along the #ClinicalTrial Continuum #ucb #efpclinical cc @jacknunn https:/‚Ä¶
743134774424805376, Why does #SJP boycott #Israel #LGBT friend but not the 10 Middle East states that murder #LGBT? #SDSU #SFSU #UCB https://t.co/sRNv5JTDI7
743107429597106176, Spot just opened up in Improv Elective with Frank Garcia-Hejl. Sunday 3-6pm | https://t.co/1CmPpPFG9F #UCB
743102616809406464, Spot just opened up in Improv 401 with Zack Willis. Tuesdays 3:30-6:30pm | https://t.co/XevR30Ao7Y #UCB
743074213188100096, Nice Roadmap for how patients can be involved along the #ClinicalTrial Continuum #ucb #efpclinical cc @jacknunn https://t.co/drF8CE5ryS
743036421901025280, RT @eyeforpharma: Iris Loew-Friedrich #ucb on the desired culture shift - don't assume patients' needs #efpclinical https://t.co/chmU4OKIGg
743034217546780673, The conclusion slide from #ucb #medical #health #efpclinical cc @pharmaphorum https://t.co/zDZhtggwpF
743033841359683585, RT @alanROYGBIV: The #ucb #health #patientengagement Roadmap slide at #efpclinical https://t.co/mx3kc8sB1T
743030968886431745, The #ucb #health #patientengagement Roadmap slide at #efpclinical https://t.co/mx3kc8sB1T
743030052032548864, Iris Loew-Friedrich #ucb on the desired culture shift - don't assume patients' needs #efpclinical https://t.co/chmU4OKIGg
743028188176080896, Iris Loew-Friedrich #ucb we need to change culture to ask what does this mean for patients #efpclinical
742977550473953280, Had my 101 grad show @ucbtla ! Hats off to one of my fave teachers @BenjaminJS for preparing us so well! #ThoseWhoDoWellTeach #Improv #ucb
742945230207524865, We did it! Our economic article! #Redes #UCB #Friends #Friendship #Investigation #Economy‚Ä¶ https://t.co/nsH18Y1nhi
742944937428287492, UCB Live 3-20-16 @ AQUA pt. 1 https://t.co/XjrV6Z3vfH via @YouTube #WDMV362 Radio REPEAT! They Gettin' Busy #DMV. #UCB #DcCrankMusic
742842487904079872, Tonight's the night! Come check out our graduation show @ucbtla on Franklin 5pm $5 #ucb #la‚Ä¶ https://t.co/QJPcjYS2SY
742810111752601600, RT @h7n33n: Minority of #Muslims aren't radical https://t.co/k7IzWY41wg @Ed_Demolay #Oberlin #Mizzou #SDSU #SFSU #UCI #UCB #UPenn #UMich #O‚Ä¶
742809645044011008, RT @h7n33n: https://t.co/ukkED0Ezsk Why not focus your #BSD on 10 countries where #LGBT is punished by death? #BSDfail #SDSU #UIndy #UCI #S‚Ä¶
742805371627012097, RT @h7n33n: #SJP-#UIndy/#IUPUI why boycott #BSD #Israel when only #Islam does this? #SDSU #UCI #SFSU #UCB #Chicago #Oberlin https://t.co/‚Ä¶
742788189572595712, #SJP-#UIndy/#IUPUI why boycott #BSD #Israel when only #Islam does this? #SDSU #UCI #SFSU #UCB #Chicago #Oberlin https://t.co/jwjQWg4cMT
742783016414662658, Spot just opened up in Del Close Marathon Workshop with Marcy Lane Jarreau. Saturday 12pm-3pm 6/25/16 | https://t.co/au3d82KjSf #UCB
742781333714403329, Spot just opened up in Improv 101 with Natasha Vaynblat. Thursdays 3:30-6:30pm | https://t.co/ULyYKFXAyc #UCB
742751805394673664, https://t.co/ukkED0Ezsk Why not focus your #BSD on 10 countries where #LGBT is punished by death? #BSDfail #SDSU #UIndy #UCI #SFSU #UCB #IUB
742737628013985792, RT @alanROYGBIV: Wow Backpacks on #rodents #Wearables #clinicaltrials #ucb #efpclinical CC @pharmaphorum https://t.co/BHmfEcRS4o
742736620315541505, Minority of #Muslims aren't radical https://t.co/k7IzWY41wg @Ed_Demolay #Oberlin #Mizzou #SDSU #SFSU #UCI #UCB #UPenn #UMich #OhioState #UBC
742732627506008064, RT @alanROYGBIV: Wow Backpacks on #rodents #Wearables #clinicaltrials #ucb #efpclinical CC @pharmaphorum https://t.co/BHmfEcRS4o
742725827901706240, Wow Backpacks on #rodents #Wearables #clinicaltrials #ucb #efpclinical CC @pharmaphorum https://t.co/BHmfEcRS4o
742723068330704896, Jasper Claes #ucb on stage at #efpclinical https://t.co/yDMgwC5cX2
742709373273788416, Spot just opened up in Improv 410 with Zack Willis. Sundays 6:30-9:30pm | https://t.co/8EMvYxMC89 #UCB
742667508403015680, RT @B_BLUNT: NEW MUSIC: UCB - Only One on #SoundCloud? #np https://t.co/QUviEaGRVA Party with #UCB LIVE on June 8th at Dirty Martini! #Wine‚Ä¶
742667357689155584, NEW MUSIC: UCB - Only One on #SoundCloud? #np https://t.co/QUviEaGRVA Party with #UCB LIVE on June 8th at Dirty Martini! #WineDineDance
742666949570613249, #Fashion Lovers get United! #Buy your Favorite #UCB Stuff &amp; Get #WowDiscounts. @mywaysstore #MywaysCraze https://t.co/lJbdtnEzgc
742665714260180992, #Fashion Lovers get #United! #Buy your Favorite #UCB Stuff &amp; Get #WowDiscounts. Head Straight to Myways to Avail... https://t.co/Sjr8bFrD7V
742641002381336576, RT @1in20parkinsons: Morning all. Talking about living with #parkinsons today with @ucb_news #ucb https://t.co/WxatTdLwji
742633915660263424, RT @1in20parkinsons: Morning all. Talking about living with #parkinsons today with @ucb_news #ucb https://t.co/WxatTdLwji
742593512542199808, Morning all. Talking about living with #parkinsons today with @ucb_news #ucb https://t.co/WxatTdLwji
742531632545009665, Spot just opened up in Sketch 301 with Geoff Garlock. Thursdays 7-10pm | https://t.co/1PMmd5r7Px #UCB
742487817536688129, RT @clasberkeley: Tinker Foundation supports #UCB student research in Latin Am. @cmadero_sj describes his education project in #Chile. http‚Ä¶
742471093257129984, NEW MUSIC: UCB - Only One on #SoundCloud? #np https://t.co/QUviEaGRVA Party with #UCB LIVE on June 8th at Dirty Martini! #WineDineDance
742460764011794432, Spot just opened up in Improv 101 with Alex French. Mondays 7-10pm | https://t.co/aIUBr61ySQ #UCB
742439671809085442, RT @hellogiggles: It's almost time for another HG #NYC #UCB show!! Come join us tonight if you're in town! https://t.co/kw1ddW7sXL https://‚Ä¶
742418054072651776, Spot just opened up in Improv 101 with Chelsea Clarke. Tues and Thurs 7-10pm | https://t.co/TBOriQjQDg #UCB
742408752649764864, It's almost time for another HG #NYC #UCB show!! Come join us tonight if you're in town! https://t.co/kw1ddW7sXL https://t.co/5BEqxUx2bp
742408233575403520, We had a great time yesterday @altontowers the wind blew my hood up! I look like an alien haha #loveit #ABST #UCB https://t.co/EsL3rdUsfu
742386437211979780, RT @TylerDmk: #UCB DISPONNIBLE SUR YOUTUBE https://t.co/HsNB1eZJ9D
742369580560093185, Spot just opened up in Improv 101 with Morgan Grace Jarrett. Fridays 12-3pm | https://t.co/pRN9ECLRqc #UCB
742364976824909824, Apprenticeship open day and @UCBapprentice will be there. See you there. #ucb #apprenticeships https://t.co/E5MxKKynMM
742361299103911936, Had our graduation show today (I'm at the top) wooooo gonna miss these guys! #UCB https://t.co/9OVGHoF59e
742346233042214913, APTYS CONSULTING participating to #SAPAribaLive in Madrid and supporting #UCB for the SAP best implementation award!‚Ä¶https://t.co/bzANt3GNtP
742314326871179264, RT @UptonClanBoxing: Happy birthday @martinupton1916 luv u brother.... @SonnyUptonClan @AntouptonJR @HitmanHatton @PAULY_UPTONCLAN #UCB htt‚Ä¶
742308288449118208, RT @UptonClanBoxing: Happy birthday @martinupton1916 luv u brother.... @SonnyUptonClan @AntouptonJR @HitmanHatton @PAULY_UPTONCLAN #UCB htt‚Ä¶
742289887718739968, NEW MUSIC: UCB - Only One on #SoundCloud? #np https://t.co/QUviEaGRVA Party with #UCB LIVE on June 8th at Dirty Martini! #WineDineDance
742205797988438017, Just realized the Astrological signs are Game characters in improv. Put them in weird situations. Hilarity. #UCB https://t.co/35EsFST9td
742160135821361152, The right-wing campaign over the #Stanford University sexual assault case https://t.co/pderjc3dRQ #UCB #UCSB #SUCLA #ReedCollege
742108626614124544, NEW MUSIC: UCB - Only One on #SoundCloud? #np https://t.co/QUviEaGRVA Party with #UCB LIVE on June 8th at Dirty Martini! #WineDineDance
742097357639176192, RT @hellogiggles: If you happen to be in NY tomorrow night you should definitely join us for the #UCB show! https://t.co/lPbLjglNM0 http‚Ä¶
742093769961439233, NEW MUSIC: UCB - Only One on #SoundCloud? #np https://t.co/QUviEaYsN8 Party with #UCB LIVE on June 8th at Dirty Martini! #WineDineDance
742071102067724288, If you happen to be in NY tomorrow night you should definitely join us for the #UCB show! https://t.co/lPbLjglNM0 https://t.co/tBeTzu8KUV
