750566548788633601, RT @SportsRecruits: TBT. Gerard Wicks vs Jaleel Wadood. #LBPoly vs #Bosco #Wazzu vs #UCLA https://t.co/zDdZXCOHUe
750566212896251904, RT @YogiRoth: The top players at #BYU #Tennessee #Clemson &amp; #UCLA are dealing at @Elite11 #SuperCade @TeamNEGU https://t.co/LQCsBa8saF
750560707335323648, RT @YogiRoth: The top players at #BYU #Tennessee #Clemson &amp; #UCLA are dealing at @Elite11 #SuperCade @TeamNEGU https://t.co/LQCsBa8saF
750556274845188096, They fucked up trying to cut her hair lmao. #LiveTweet #UCLA? https://t.co/DjA67hOPN0
750541942912671744, RT @GoJoeBruinUCLA: #UCLA Football: Eddie Vanderdoes Named to the Bednarik Award Watch List https://t.co/7OJmCwKZYc
750539899472936961, RT @YogiRoth: The top players at #BYU #Tennessee #Clemson &amp; #UCLA are dealing at @Elite11 #SuperCade @TeamNEGU https://t.co/LQCsBa8saF
750539144913362944, RT @YogiRoth: The top players at #BYU #Tennessee #Clemson &amp; #UCLA are dealing at @Elite11 #SuperCade @TeamNEGU https://t.co/LQCsBa8saF
750539054219923457, RT @YogiRoth: The top players at #BYU #Tennessee #Clemson &amp; #UCLA are dealing at @Elite11 #SuperCade @TeamNEGU https://t.co/LQCsBa8saF
750538870010351618, RT @YogiRoth: The top players at #BYU #Tennessee #Clemson &amp; #UCLA are dealing at @Elite11 #SuperCade @TeamNEGU https://t.co/LQCsBa8saF
750538484713152512, RT @YogiRoth: The top players at #BYU #Tennessee #Clemson &amp; #UCLA are dealing at @Elite11 #SuperCade @TeamNEGU https://t.co/LQCsBa8saF
750538344346648576, RT @YogiRoth: The top players at #BYU #Tennessee #Clemson &amp; #UCLA are dealing at @Elite11 #SuperCade @TeamNEGU https://t.co/LQCsBa8saF
750538261509144576, RT @YogiRoth: The top players at #BYU #Tennessee #Clemson &amp; #UCLA are dealing at @Elite11 #SuperCade @TeamNEGU https://t.co/LQCsBa8saF
750538110581243904, RT @YogiRoth: The top players at #BYU #Tennessee #Clemson &amp; #UCLA are dealing at @Elite11 #SuperCade @TeamNEGU https://t.co/LQCsBa8saF
750538094072438784, RT @YogiRoth: The top players at #BYU #Tennessee #Clemson &amp; #UCLA are dealing at @Elite11 #SuperCade @TeamNEGU https://t.co/LQCsBa8saF
750537904192163845, RT @YogiRoth: The top players at #BYU #Tennessee #Clemson &amp; #UCLA are dealing at @Elite11 #SuperCade @TeamNEGU https://t.co/LQCsBa8saF
750537717101031424, RT @YogiRoth: The top players at #BYU #Tennessee #Clemson &amp; #UCLA are dealing at @Elite11 #SuperCade @TeamNEGU https://t.co/LQCsBa8saF
750537707923861504, RT @YogiRoth: The top players at #BYU #Tennessee #Clemson &amp; #UCLA are dealing at @Elite11 #SuperCade @TeamNEGU https://t.co/LQCsBa8saF
750537576554070016, RT @YogiRoth: The top players at #BYU #Tennessee #Clemson &amp; #UCLA are dealing at @Elite11 #SuperCade @TeamNEGU https://t.co/LQCsBa8saF
750537554076770304, RT @YogiRoth: The top players at #BYU #Tennessee #Clemson &amp; #UCLA are dealing at @Elite11 #SuperCade @TeamNEGU https://t.co/LQCsBa8saF
750537490201739266, RT @YogiRoth: The top players at #BYU #Tennessee #Clemson &amp; #UCLA are dealing at @Elite11 #SuperCade @TeamNEGU https://t.co/LQCsBa8saF
750537383989379072, RT @YogiRoth: The top players at #BYU #Tennessee #Clemson &amp; #UCLA are dealing at @Elite11 #SuperCade @TeamNEGU https://t.co/LQCsBa8saF
750537353131921408, RT @YogiRoth: The top players at #BYU #Tennessee #Clemson &amp; #UCLA are dealing at @Elite11 #SuperCade @TeamNEGU https://t.co/LQCsBa8saF
750537035107143680, RT @YogiRoth: The top players at #BYU #Tennessee #Clemson &amp; #UCLA are dealing at @Elite11 #SuperCade @TeamNEGU https://t.co/LQCsBa8saF
750536824083316738, RT @YogiRoth: The top players at #BYU #Tennessee #Clemson &amp; #UCLA are dealing at @Elite11 #SuperCade @TeamNEGU https://t.co/LQCsBa8saF
750536802717622272, RT @YogiRoth: The top players at #BYU #Tennessee #Clemson &amp; #UCLA are dealing at @Elite11 #SuperCade @TeamNEGU https://t.co/LQCsBa8saF
750536753384153088, RT @YogiRoth: The top players at #BYU #Tennessee #Clemson &amp; #UCLA are dealing at @Elite11 #SuperCade @TeamNEGU https://t.co/LQCsBa8saF
750536740025294848, RT @YogiRoth: The top players at #BYU #Tennessee #Clemson &amp; #UCLA are dealing at @Elite11 #SuperCade @TeamNEGU https://t.co/LQCsBa8saF
750536710304432129, RT @YogiRoth: The top players at #BYU #Tennessee #Clemson &amp; #UCLA are dealing at @Elite11 #SuperCade @TeamNEGU https://t.co/LQCsBa8saF
750536392124555265, RT @YogiRoth: The top players at #BYU #Tennessee #Clemson &amp; #UCLA are dealing at @Elite11 #SuperCade @TeamNEGU https://t.co/LQCsBa8saF
750535569285980161, RT @YogiRoth: The top players at #BYU #Tennessee #Clemson &amp; #UCLA are dealing at @Elite11 #SuperCade @TeamNEGU https://t.co/LQCsBa8saF
750534367953420288, Victoria led an amazing class today! Fitness matters. #Transformation #fit #weho #ucla #soulmusic https://t.co/9AncO19Jkc
750529701580513280, NIH Awards $69.6M to #UCLA #Clinical &amp; Translational #Science Inst to develop new treatments for health needs in #LA https://t.co/mEzWT06R1g
750527271518105600, Retweeted UCLASemelFriends (@UCLASemelFriend): Steps to Turn Off Self-Doubt in Your Head #UCLA #neuroscientist... https://t.co/wxbzvXUBDE
750527242506240000, RT @UCLASemelFriend: Steps to Turn Off Self-Doubt in Your Head #UCLA #neuroscientist on how to reframe thinking and feel more positive http…
750523327232430080, RT @UCLASRH: #UCLA RT "Airplanes and banners. Who da thought? ¯\_(ツ)_/¯ https://t.co/BwyOqLLyrz " #SportsRoadhouse https://t.co/7ZZ6vnB26C
750522496517074944, Steps to Turn Off Self-Doubt in Your Head #UCLA #neuroscientist on how to reframe thinking and feel more positive https://t.co/DAxEEv9AGY
750520816048050177, The top players at #BYU #Tennessee #Clemson &amp; #UCLA are dealing at @Elite11 #SuperCade @TeamNEGU https://t.co/LQCsBa8saF
750512658621665280, RT @dailybruin: #UCLA will renovate 11 classrooms to address next year's increase in enrollment. https://t.co/jMH3Z0DK57 https://t.co/NppV…
750511099125047296, RT @UCLASemelFriend: #UCLA research about how #politicians and bosses manipulate their voices to express #charisma and #dominance https://…
750510999233593344, #UCLA research about how #politicians and bosses manipulate their voices to express #charisma and #dominance https://t.co/NaX7ack8Xs
750503606592245760, RT @JoshGershon: 2016 Middlebrooks Academy wing and former #UCLA signee Kobe Paras is currently on an official visit to #Creighton.
750502095892078593, This RB received his first offer from #UCLA making him their first offer for 2018 #Bruins https://t.co/iPcCmHU5SB https://t.co/IGfiVxKiZn
750496937296531458, Watches @usatf trials and pretends I'm a #Trackstar again #TrackNation #TrackTown16 #UCLA https://t.co/Euhw73c0Qb
750495908421210112, RT @FrankDux270: 1000s of students #UCLA #USC #LoyolaMarymount (HitlerYouth) have been involved in #Gangstalking innocent #TargetedIndivi…
750495652287746049, #ucla did a great job making this industrial site not look hideous. Blue skies don't hurt either. https://t.co/mkE9yTEmCv
750495443583328256, RT @ShotgunSpr: 2018 four-star LB Victor Terry III (@v3_iii) expects #USC #UCLA offers soon ($) https://t.co/xI7nvFlghD https://t.co/drTZj…
750487987046092800, #UCLA RT ""Happy to be back on our home court for Day Camp Fun!" -Rhema &amp;amp; Rebekah Gardner…" #SportsRoadhouse https://t.co/Ky1w907yom
750484892207591424, RT @FrankDux270: 1000s of students #UCLA #USC #LoyolaMarymount (HitlerYouth) have been involved in #Gangstalking innocent #TargetedIndivi…
750481373832568832, RT @AngelicaAmarand: #FridayNightMovie Full Movies Free https://t.co/o4uXySU4zX @movies #ucla #usc #uk #usa #de #EU #films #oxford #ubc ht…
