743557162773905408, RT @ChrisPSwanson: CB Verone McKinley III has family in LA and would consider #UCLA or #USC if either offered. https://t.co/rdIqOTZ3Nk http‚Ä¶
743556184397881344, RT @RivalsFriedman: #Rivals100 Chase Young talks favorites &amp; 3 visits https://t.co/3ooH2PYPGp #Terps #OSU #Bama #Michigan #MSU #USC #VT htt‚Ä¶
743553363912974336, #WeLoveLA RT "#USC #FightOn Last year the #TrojanFamily turned‚Ä¶ https://t.co/qaNKaXBZq0 " #SportsRoadhouse https://t.co/I9jnEnQtBZ
743553356883365889, #USC #FightOn RT "Last year the #TrojanFamily turned @TheGalenCenter‚Ä¶ https://t.co/7xXxqb8ZHx " #SportsRoadhouse https://t.co/CLXM0h561n
743551426018738176, RT @InsideUSC: #USC picture of the day: That's O.J. Simpson's friend Al Cowlings (72) making tackle against Oregon State in 1968 https://‚Ä¶
743550918545780736, NFL Draft Scouting Report on #USC WR JuJu Smith-Schuster - https://t.co/cMeo5yrcKy
743550330705743872, RT @ReignofTroy: #USC All-American defensive lineman and master of the QB pursuit Al Cowlings turns 69 today. https://t.co/XqusefS6kl
743549961585860608, RT @AdamJMaya: News &amp; notes from #USC including latest on personnel usage + an injury update. https://t.co/r7VwlxctFG https://t.co/dq0YlYI‚Ä¶
743548688736260096, RT @InsideUSC: #USC picture of the day: That's O.J. Simpson's friend Al Cowlings (72) making tackle against Oregon State in 1968 https://‚Ä¶
743545234517336064, RT @Phenom_Hoops: 2018 @thebabc PG @1click_ just heard from #Rutgers #ECU &amp; #USC.
743545170612781057, RT @MichaelCastFS: NEW PODCAST! @PenguinOfTroy discuss lots of #USC things including why 29 is the worst jersey number in sports. https://‚Ä¶
743544462123511809, #USC #FightOn Trojan Upside Creates Optimism and More USC Football News https://t.co/r5oLldPbfb #SportsRoadhouse
743543746118057985, Simple and profound. #FightOn #USC https://t.co/HUth6exDkm
743543702187048960, We are almost full for Fall! Come by to see what we have available! #UOaks #USC https://t.co/Vy4EacYyq1
743543088828776454, [LA Daily News: Scott Wolf inside USC] USC Picture Of The Day https://t.co/9SeVNPmz7L #USC #Trojans
743543070323519488, [LA Daily News: Scott Wolf inside USC] USC Picture Of The Day https://t.co/TK4yYoSpkL #USC #Trojans
743541211554709504, RT @USCTrojansFO: Freshmen Numbers: Jamel Cook is No. 31 Jordan Iosefa is No. 48 Frank Martin is No. 65 E.J. Price is No. 75 Trevon Sidney‚Ä¶
743541128125767681, #USC picture of the day: That's O.J. Simpson's friend Al Cowlings (72) making tackle against Oregon State in 1968 https://t.co/ESHkK3E0ji
743540697156960256, USC Picture Of The Day https://t.co/hhatSN0RVw #USC
743539683976581120, #USC #FightOn RT "Nothing says college football like Traveler on game day. Happy‚Ä¶" #SportsRoadhouse https://t.co/iI7XyHOTDf
743539680562417665, #USC Tweets: Nothing says college football like Traveler on game day. Happy #NationalMascotDay! ‚ù§Ô∏èüíõ #FightOn‚Ä¶ https://t.co/Jpv5qmvxDr
743539675978096640, #WeLoveLA RT "#USC #FightOn Nothing says college football like Traveler on game day. Happy #NationalMascotDay! ‚ù§Ô∏èüíõ‚Ä¶" #SportsRoadhouse
743538270835924993, RT @h7n33n: #SJP-#IUPUI/#UIndy would destroy #LGBT-friendly #Israel. #SDSU #SFSU #UCI #MIT #USC #UMich #UMass #Yale #UNCCUnion https://t.co‚Ä¶
743538207740989442, #SJP-#IUPUI/#UIndy would destroy #LGBT-friendly #Israel. #SDSU #SFSU #UCI #MIT #USC #UMich #UMass #Yale #UNCCUnion https://t.co/eaZ18wdiKO
743537168275091456, RT @usc_gym: Now taking bookings for 1on1 training. Become a machine. #inspiration #USC #uscnutrition‚Ä¶ https://t.co/VgIJUJCE8w
743537060003352578, RT @usc_gym: Now taking bookings for 1on1 training. Become a machine. #inspiration #USC #uscnutrition‚Ä¶ https://t.co/VgIJUJCE8w
743536811037732864, Now taking bookings for 1on1 training. Become a machine. #inspiration #USC #uscnutrition‚Ä¶ https://t.co/VgIJUJCE8w
743533656174534657, [USC Trojans: The Ripsit Blog] Men's Basketball Season Tickets https://t.co/XGDYTmET6l #USC #Trojans
743532496831287296, [Fansided: Reign of Troy] USC Football Recruiting: 4-Star TE Tyler Johnson Names Top 14 https://t.co/Z4sAIMniC3 #USC #Trojans
743529735209246720, RT @Phenom_Hoops: 2018 @thebabc PG @1click_ just heard from #Rutgers #ECU &amp; #USC.
743529632964710401, RT @robbie_oneal10: Let's catch these dubs today #dubs #USC
743528861661601793, RT @RyanBartow: #USC is back at McEachern w/ their latest offer. https://t.co/boGDZccIkW @FightOn247 @KippLAdams @cjmakesplays_ @edogawd
743528171979440128, RT @mikeerickson: @KathleenUSC enjoy the pending weekend gonna be hot! #USC #FightOn ‚úåüèºÔ∏è
743527731107770369, RT @ReignofTroy: 4-star TE Tyler Johnson names #USC in his Top 14 https://t.co/AUhsHWCYRN
743527509275320320, RT @Phenom_Hoops: 2018 @thebabc PG @1click_ just heard from #Rutgers #ECU &amp; #USC.
743527274658422784, 4-star TE Tyler Johnson names #USC in his Top 14 https://t.co/AUhsHWCYRN
743527070630764544, @KathleenUSC enjoy the pending weekend gonna be hot! #USC #FightOn ‚úåüèºÔ∏è
743526594346528768, That's #USC art. #FightOn https://t.co/jrxzUkzbXg
743526173427142658, Big update as Jordan Williams tells us his leader cuts list to 4 + more #Hokies #Clemson #Vols #UVA #Buckeyes #USC https://t.co/iY2Fc6CW9O
743525615194640385, #FightOn Tony B. looking and sounding great. #USC https://t.co/NjSDgGPXGG
743522269457113088, Footnotes (6/16) | https://t.co/PloSLztTJ7 https://t.co/7W66FYDQHb #USC
743520593463607297, RT @RyanBartow: #USC is back at McEachern w/ their latest offer. https://t.co/boGDZccIkW @FightOn247 @KippLAdams @cjmakesplays_ @edogawd
743520206392295424, RT @Phenom_Hoops: 2018 @thebabc PG @1click_ just heard from #Rutgers #ECU &amp; #USC.
743519926292459520, RT @FrampCamp: Cooked up something for my DB kids. Jack jones #USC and Chandler Hawkins #SanJoseState https://t.co/amOyEBw9JU
743519794473930752, RT @FrampCamp: Cooked up something for my DB kids. Jack jones #USC and Chandler Hawkins #SanJoseState https://t.co/amOyEBw9JU
743519222731415553, My god #USC has some phenomenal NFL alumni https://t.co/lfhlAB7fHo
743517251781824512, NEW PODCAST! Talking all things #USC including new commitments new jersey numbers Heisman buzz etc. https://t.co/r0ceNlBOUZ
743514019437305857, #USC #FightOn USC Football Podcast: Reign of Troy Radio Episode 139 https://t.co/U2rWbLLHZt #SportsRoadhouse
743513948306055171, RT @insidetroy: Max Browne and Sam Darnold got the majority of the reps as the team ran 7-on-7 and 11-on-11 drills. #USC
743513854265561088, RT @AdamJMaya: News &amp; notes from #USC including latest on personnel usage + an injury update. https://t.co/r7VwlxctFG https://t.co/dq0YlYI‚Ä¶
743513707725000706, RT @ReignofTroy: Call it Talent call it Upside #USC has reason to be optimistic. Plus your daily dose of Trojan news from the web https:/‚Ä¶
743513705426497536, RT @insidetroy: No new freshmen at the #USC summer workout this morning. Expect to see new faces on Tuesday after summer school begins.
743513683360288769, RT @ChrisPSwanson: Highlights from this morning's workout at #USC featuring some impressive defensive plays. https://t.co/MKj5B6bWWB https‚Ä¶
743513537973149696, RT @ReignofTroy: #USC All-American defensive lineman and master of the QB pursuit Al Cowlings turns 69 today. https://t.co/XqusefS6kl
743513456356245504, RT @RyanBartow: One of #Miami's biggest commits to visit #USC next week. https://t.co/irWTWOwRXD @FightOn247 @DavidLake3
743513429831454720, RT @ReignofTroy: #USC All-American defensive lineman and master of the QB pursuit Al Cowlings turns 69 today. https://t.co/XqusefS6kl
743512175176736768, RT @Phenom_Hoops: 2018 @thebabc PG @1click_ just heard from #Rutgers #ECU &amp; #USC.
743512073636810752, 2018 @thebabc PG @1click_ just heard from #Rutgers #ECU &amp; #USC.
743511359950721024, #ThrowbackThursday to the #beautiful cast of Breath Boom! I #love and miss your inspiring hearts. #USC #theatre #LA https://t.co/2lyJKxdwFw
743511173719437312, Call it Talent call it Upside #USC has reason to be optimistic. Plus your daily dose of Trojan news from the web https://t.co/IzbRHsjuaL
743510341255041025, [Fansided: Reign of Troy] Trojan Upside Creates Optimism and More USC Football News https://t.co/vV6NfH62lE #USC #Trojans
743510256454537217, #WeLoveLA RT "#USC #FightOn Plenty of Hall of Famers to choose from... What do you think? Who‚Ä¶ https://t.co/RBCQmhyQkw " #SportsRoadhouse
743510248695046144, #USC Tweets: Plenty of Hall of Famers to choose from... What do you think? Who makes your‚Ä¶ https://t.co/wUIQ5Sqnvv https://t.co/Jpv5qmvxDr
743509862634512385, #Music study speeds #brain development in #children #USC study shows https://t.co/JRu1zlD0Cl via @kpcc
743509852648005632, No OJ? Shocker! #USC #uscfootball https://t.co/Lj306P6PYB
743509760545198080, #USC #FightOn RT "Plenty of Hall of Famers to choose from... What do you‚Ä¶ https://t.co/saq6YLMQY9 " #SportsRoadhouse https://t.co/Lf10grbNAu
743507413723029504, RT @ReignofTroy: #USC All-American defensive lineman and master of the QB pursuit Al Cowlings turns 69 today. https://t.co/XqusefS6kl
743506832413581312, RT @ReignofTroy: #USC All-American defensive lineman and master of the QB pursuit Al Cowlings turns 69 today. https://t.co/XqusefS6kl
743505623963185152, RT @insidetroy: WATCH: #USC RB commit Stephen Carr (@yt_deon) breaking ankles today at the @PassingDown tournament. @SportsRecruits https:/‚Ä¶
743505127311577088, RT @RivalsFriedman: #Rivals100 Chase Young talks favorites &amp; 3 visits https://t.co/3ooH2PYPGp #Terps #OSU #Bama #Michigan #MSU #USC #VT htt‚Ä¶
743504802567467008, RT @ReignofTroy: #USC All-American defensive lineman and master of the QB pursuit Al Cowlings turns 69 today. https://t.co/XqusefS6kl
743504698972352513, #USC All-American defensive lineman and master of the QB pursuit Al Cowlings turns 69 today. https://t.co/XqusefS6kl
743502066581069824, #ThrowbackThursday to some awesome #USC #lacrosse action. More photos - https://t.co/PsyMUmPEru https://t.co/SAa6hGpmfR
743500616874360832, RT @ChrisPSwanson: Highlights from this morning's workout at #USC featuring some impressive defensive plays. https://t.co/MKj5B6bWWB https‚Ä¶
743499914433409024, Prospect Preview on #USC WR JuJu Smith-Schuster a potential top 20 pick and top rated WR. https://t.co/OdrkFw9jJn
743499879972929537, RT @USC_Rivals: News &amp; notes from #USC including latest on personnel usage + an injury update. https://t.co/bcFRb6YBhx https://t.co/I1TB1c‚Ä¶
743499865724878848, RT @AdamJMaya: News &amp; notes from #USC including latest on personnel usage + an injury update. https://t.co/r7VwlxctFG https://t.co/dq0YlYI‚Ä¶
743499426203860992, A #USC story right from a Bond movie.Hear the tale of Rocket Scientist Bogdan Marcu #Mars https://t.co/4BvTWVDsSP https://t.co/QxZMxzI1aR
743498456459808768, RT @RivalsFriedman: #Rivals100 Chase Young talks favorites &amp; 3 visits https://t.co/3ooH2PYPGp #Terps #OSU #Bama #Michigan #MSU #USC #VT htt‚Ä¶
743497768094806016, Scoops on #USC WR/DB Ajene Harris QB/WR Jalen Greene and TE Daniel Imatorbhebhe üëÄ https://t.co/Oza1wuSrxn
743497078928617472, RT @BamaMag: #Bama and #USC in the same QB boat at this point... https://t.co/mWv8ByHS5h
743496892647014400, RT @EJHolland247: Rising 2018 Dallas Skyline CB Dayven Coleman (@ROADS2GREATNESS) will be at the Los Angeles SMSB camp today and the #USC c‚Ä¶
743496823478882305, RT @RivalsFriedman: #Rivals100 Chase Young talks favorites &amp; 3 visits https://t.co/3ooH2PYPGp #Terps #OSU #Bama #Michigan #MSU #USC #VT htt‚Ä¶
743496408016224256, #Bama and #USC in the same QB boat at this point... https://t.co/mWv8ByHS5h
743496395974311936, RT @ChrisPSwanson: Highlights from this morning's workout at #USC featuring some impressive defensive plays. https://t.co/MKj5B6bWWB https‚Ä¶
743496334007799808, RT @BamaMag: Make that next week for Leatherwood at #USC https://t.co/dzifqs7oVK @gmartlive @insidetroy https://t.co/tkZa8gJM4q
743496219335352320, Highlights from this morning's workout at #USC featuring some impressive defensive plays. https://t.co/MKj5B6bWWB https://t.co/KoBAbwnqz5
743495659697774592, RT @RyanBartow: One of #Miami's biggest commits to visit #USC next week. https://t.co/irWTWOwRXD @FightOn247 @DavidLake3
743495577409716224, RT @RyanBartow: One of #Miami's biggest commits to visit #USC next week. https://t.co/irWTWOwRXD @FightOn247 @DavidLake3
743495560871567360, RT @RyanBartow: One of #Miami's biggest commits to visit #USC next week. https://t.co/irWTWOwRXD @FightOn247 @DavidLake3
743495557231054848, RT @BamaMag: Make that next week for Leatherwood at #USC https://t.co/dzifqs7oVK @gmartlive @insidetroy https://t.co/tkZa8gJM4q
743495447482875904, Make that next week for Leatherwood at #USC https://t.co/dzifqs7oVK @gmartlive @insidetroy https://t.co/tkZa8gJM4q
743495356034351105, News &amp; notes from #USC including latest on personnel usage + an injury update. https://t.co/bcFRb6YBhx https://t.co/I1TB1cMrNT
743495355988217856, News &amp; notes from #USC including latest on personnel usage + an injury update. https://t.co/r7VwlxctFG https://t.co/dq0YlYISBx
743495087108165632, RT @InsideUSC: Adoree Jackson is among those on the Pac-12 edition cover of Phil Steele's college football preview magazine #USC https://t.‚Ä¶
743495021983305729, RT @BamaMag: #Scout100 #Bama OL commitment Alex Leatherwood checking out #USC next month https://t.co/dzifqs7oVK @gmartlive https://t.co/‚Ä¶
743494979327303680, #Scout100 #Bama OL commitment Alex Leatherwood checking out #USC next month https://t.co/dzifqs7oVK @gmartlive https://t.co/BhE0aTcz5T
743494428531122177, Today I get the chance to ball in front of my favorite school #USC I'm finna work üòàüèàüç¥
743493918608736257, RT @RyanBartow: One of #Miami's biggest commits to visit #USC next week. https://t.co/irWTWOwRXD @FightOn247 @DavidLake3
743493744171814912, RT @RivalsFriedman: #Rivals100 Chase Young talks favorites &amp; 3 visits https://t.co/3ooH2PYPGp #Terps #OSU #Bama #Michigan #MSU #USC #VT htt‚Ä¶
