750567434441097216, RT @friendscongress: Here is the #Yale effect in #Textile ministry after #Smriti arrival. Her ministry will generate jobs for all planets h…
750565836193226753, RT @friendscongress: Here is the #Yale effect in #Textile ministry after #Smriti arrival. Her ministry will generate jobs for all planets h…
750564483353939969, RT @_Asif_Iqbal: Say #Yale again. Say Yale again I dare you I double dare you... #YoSmritiSoCertified http://t.co/ino3JSYBlX
750559885264322560, RT @friendscongress: Here is the #Yale effect in #Textile ministry after #Smriti arrival. Her ministry will generate jobs for all planets h…
750558799681953793, RT @friendscongress: Here is the #Yale effect in #Textile ministry after #Smriti arrival. Her ministry will generate jobs for all planets h…
750557526127706114, RT @IYC_Ambala: #ByeByeSmriti HRD ministry saved. Modi bluffed her with the big words that you are now going to make the fabrics of India #…
750556367858044928, RT @iCongwala: #ByeByeSmriti HRD ministry saved. Modi bluffed her with the big words that you are now going to make the fabrics of India #Y…
750555705040601088, RT @iCongwala: #ByeByeSmriti HRD ministry saved. Modi bluffed her with the big words that you are now going to make the fabrics of India #Y…
750554837167775744, RT @Chahal_IYC: #ByeByeSmriti HRD ministry saved. Modi bluffed her with the big words that you are now going to make the fabrics of India #…
750551624628707328, RT @ShubhamDagar_: #ByeByeSmriti HRD ministry saved. Modi bluffed her with the big words that you are now going to make the fabrics of Indi…
750551361469677569, Fact: "She doesn't go here" was used in #GilmoreGirls before #MeanGirls! #Lane #Yale
750549981099126784, RT @IYC_Ambala: #ByeByeSmriti HRD ministry saved. Modi bluffed her with the big words that you are now going to make the fabrics of India #…
750549155110645760, RT @IYC_Ambala: #ByeByeSmriti HRD ministry saved. Modi bluffed her with the big words that you are now going to make the fabrics of India #…
750548951619829766, RT @friendscongress: Here is the #Yale effect in #Textile ministry after #Smriti arrival. Her ministry will generate jobs for all planets h…
750546641246117888, RT @SwachhPolitics: Smriti Irani removed from HRD to Textiles replaced by @PrakashJavdekar who must take #Yale degree from her for HRD e…
750543698497269761, Fool me once shame on.. Shame on you... Fool me twice.. You can't get fooled again #presidents #yale
750539860637868032, RT @IYC_Ambala: #ByeByeSmriti HRD ministry saved. Modi bluffed her with the big words that you are now going to make the fabrics of India #…
750539670447095808, RT @friendscongress: Here is the #Yale effect in #Textile ministry after #Smriti arrival. Her ministry will generate jobs for all planets h…
750538317679165442, RT @IYC_Ambala: #ByeByeSmriti HRD ministry saved. Modi bluffed her with the big words that you are now going to make the fabrics of India #…
750537546850074624, RT @ShubhamDagar_: #ByeByeSmriti HRD ministry saved. Modi bluffed her with the big words that you are now going to make the fabrics of Indi…
750537009421230082, Here is the #Yale effect in #Textile ministry after #Smriti arrival. Her ministry will generate jobs for all planets https://t.co/n6bdMGoFl5
750536140004925440, RT @Chahal_IYC: #ByeByeSmriti HRD ministry saved. Modi bluffed her with the big words that you are now going to make the fabrics of India #…
750536137920262144, RT @ShubhamDagar_: #ByeByeSmriti HRD ministry saved. Modi bluffed her with the big words that you are now going to make the fabrics of Indi…
750535556237590532, RT @IYC_Ambala: #ByeByeSmriti HRD ministry saved. Modi bluffed her with the big words that you are now going to make the fabrics of India #…
750535444320776192, RT @iCongwala: #ByeByeSmriti HRD ministry saved. Modi bluffed her with the big words that you are now going to make the fabrics of India #Y…
750535030531821568, RT @iCongwala: #ByeByeSmriti HRD ministry saved. Modi bluffed her with the big words that you are now going to make the fabrics of India #Y…
750533913198682113, RT @friendscongress: Finally #SmritiIrani judged by her work. #Yale graduate #Fails India
750533501955534849, RT @ShubhamDagar_: #ByeByeSmriti HRD ministry saved. Modi bluffed her with the big words that you are now going to make the fabrics of Indi…
750532855890083840, RT @Chahal_IYC: #ByeByeSmriti HRD ministry saved. Modi bluffed her with the big words that you are now going to make the fabrics of India #…
750523377249583104, RT @friendscongress: Finally #SmritiIrani judged by her work. #Yale graduate #Fails India
750521058244059136, RT @IYC_Ambala: #ByeByeSmriti HRD ministry saved. Modi bluffed her with the big words that you are now going to make the fabrics of India #…
750520993039331329, RT @friendscongress: Finally #SmritiIrani judged by her work. #Yale graduate #Fails India
750520005457051648, #ByeByeSmriti HRD ministry saved. Modi bluffed her with the big words that you are now going to make the fabrics of India #Yale
750519020139454464, RT @TarunPant14: #ByeByeSmriti HRD ministry saved. Modi bluffed her with the big words that you are now going to make the fabrics of India…
750518976040411136, #ByeByeSmriti HRD ministry saved. Modi bluffed her with the big words that you are now going to make the fabrics of India #Yale
750518650092785664, RT @Chahal_IYC: #ByeByeSmriti HRD ministry saved. Modi bluffed her with the big words that you are now going to make the fabrics of India #…
750518508765741056, RT @iCongwala: #ByeByeSmriti HRD ministry saved. Modi bluffed her with the big words that you are now going to make the fabrics of India #Y…
750518179739398145, #ByeByeSmriti HRD ministry saved. Modi bluffed her with the big words that you are now going to make the fabrics of India #Yale
750518074739134469, RT @IYC_Ambala: #ByeByeSmriti HRD ministry saved. Modi bluffed her with the big words that you are now going to make the fabrics of India #…
750517748082483200, RT @IYC_Ambala: #ByeByeSmriti HRD ministry saved. Modi bluffed her with the big words that you are now going to make the fabrics of India #…
750517319462445057, Listen if your not using podcasts your very far behind. I just listened 2 #gloriasteinem give a lecture on feminism at #Yale this is genius
750517290295173120, RT @IYC_Ambala: #ByeByeSmriti HRD ministry saved. Modi bluffed her with the big words that you are now going to make the fabrics of India #…
750515989196869632, RT @IYC_Ambala: #ByeByeSmriti HRD ministry saved. Modi bluffed her with the big words that you are now going to make the fabrics of India #…
750515023500288000, RT @Chahal_IYC: #ByeByeSmriti HRD ministry saved. Modi bluffed her with the big words that you are now going to make the fabrics of India #…
750513410815569920, RT @friendscongress: Finally #SmritiIrani judged by her work. #Yale graduate #Fails India
750512406493696000, RT @Chahal_IYC: #ByeByeSmriti HRD ministry saved. Modi bluffed her with the big words that you are now going to make the fabrics of India #…
750512400680398849, RT @IYC_Ambala: #ByeByeSmriti HRD ministry saved. Modi bluffed her with the big words that you are now going to make the fabrics of India #…
750512302219079680, RT @Chahal_IYC: #ByeByeSmriti HRD ministry saved. Modi bluffed her with the big words that you are now going to make the fabrics of India #…
750512068642545664, #ByeByeSmriti HRD ministry saved. Modi bluffed her with the big words that you are now going to make the fabrics of India #Yale
750511972966359040, #ByeByeSmriti HRD ministry saved. Modi bluffed her with the big words that you are now going to make the fabrics of India #Yale
750509599715885056, Finally #SmritiIrani judged by her work. #Yale graduate #Fails India
750499710616690689, RT @SportzEdge: .@Yale_Hockey releases full 2016-17 schedule (and it's pretty sweet): https://t.co/CMiJdobhno #Yale https://t.co/UYN8A7wScB
750499620875304960, .@Yale_Hockey releases full 2016-17 schedule (and it's pretty sweet): https://t.co/CMiJdobhno #Yale https://t.co/UYN8A7wScB
750495071435448320, RT @Yale_Forklifts: #Yale #GenuineParts. We have the parts you need when and where you want them. https://t.co/CkA1ocmrJo #EURO2016 https:…
750491917624881152, Smriti Irani removed from HRD to Textiles replaced by @PrakashJavdekar who must take #Yale degree from her for HRD eligibility
750491459237842944, RT @iCongwala: #ByeByeSmriti HRD ministry saved. Modi bluffed her with the big words that you are now going to make the fabrics of India #Y…
750485949633757184, RT @BergenPTK: YOU'RE INVITED! BCC will be going to #Yale for day of service. Sign up now https://t.co/TCt1TsSDDJ #BergenVisitsYale https:/…
750481039924006912, "Do as I say not as I do" via @FreeThoughtBlog https://t.co/BAknkp7aRn @ThomasPogge @Yale #Yale #Pogge
