743584132677177344,all the girls i follow from cmu on here are cute and i'm like confused because why,2
743581045354864642,rt magnificent omg all my cmu followers on my tl at once i'm getting so excited to go back,0
743579456359530496,i hardly have any cmu followers,2
743579401892290560,rt magnificent omg all my cmu followers on my tl at once i'm getting so excited to go back,0
743579388847996929,intellisign cmu senior bme design final project s10 thewalkingdead design https t co owhfvxipmj,0
743579298418692096,omg all my cmu followers on my tl at once i'm getting so excited to go back,0
743551936566288384,rt eu finance eu commission is consulting on cross border investment funds euhaveyoursay ! cmu https t co woyfnv3tjc https t co a,0
743546583111733248,rt eu finance eu commission is consulting on cross border investment funds euhaveyoursay ! cmu https t co woyfnv3tjc https t co a,0
743529149214560256,2 months and 7 days cmu ca mi,1
743499556055179265,cmu amazon hires carnegie mellon machine learning expert as google expands its own ai initiati read more https t co osesbpq2js,1
743474297092644866,rt jhilleu europe needs deeper capital markets cmu so businesses can get the funding they need 1000companies https t co ffd8rshhpl,2
743471851683352577,remembering and honoring at cmu tomorrow https t co zuoswf3pos,1
743463952412192768,rt ewaldeng hill securitisation spreads risks more widely and enhances financial stability sts cmu sounds like groundhogday,1
743453467730010112,rt mattbomer congratulations leslieodomjr on your well deserved tony tonight ! beautiful speech cmu thetonyawards,0
743434447194824704,found the best elective at cmu enrolled in fencing that 's right mynameisinigomontoyapreparetodie,0
743425606256209923,thanks fesebrussels for organising an excellent convention in malta supporting companies amp listings fese2016 cmu https t co hs9nxeg8ym,0
743423655447830528,our board member axel w bierbach is speaking on pre insolvency proceedings european insolvency amp restructuring congress today cmu eu,1
743420428916523008,rt ewaldeng finance resorts to homilies frontstage to cover up the remaining complexities backstage abs cmu https t co z2muzpwfko,0
743419366633517056,rt jhilleu europe needs deeper capital markets cmu so businesses can get the funding they need 1000companies https t co ffd8rshhpl,2
743418862855663617,rt ewaldeng finance resorts to homilies frontstage to cover up the remaining complexities backstage abs cmu https t co z2muzpwfko,0
743418651584401408,finance resorts to homilies frontstage to cover up the remaining complexities backstage abs cmu https t co z2muzpwfko,1
743410948258541569,rt hoffmann avocat capitalmarkets mid sized companies receive five times as much funding from capital markets in the us than they do i,0
743407079713554433,rt jhilleu europe needs deeper capital markets cmu so businesses can get the funding they need 1000companies https t co ffd8rshhpl,2
743398949189451776,intellisign cmu senior bme design final project s10 brainsurgerylive design https t co deygjcpmn6,0
743366187652874240,rt ugambini 1000companies lseplc event hosted ramontremosa full room thx jhilleu antonio tajani smes cmu bettertogether https t,0
743361242270576640,rt hoffmann avocat eu stronger capitalmarkets will complement banks as a source of financing giving businesses more options and a fin,0
743361216995745792,rt hoffmann avocat capitalmarkets mid sized companies receive five times as much funding from capital markets in the us than they do i,0
743361203217399809,rt hoffmann avocat capitalmarkets europe needs up to 2 trillion in total infrastructure investment by 2020 according eib cmu fa,2
743360861675233284,eu stronger capitalmarkets will complement banks as a source of financing giving businesses more options and a financial stability cmu,0
743360135897112576,capitalmarkets mid sized companies receive five times as much funding from capital markets in the us than they do in the eu fact cmu,1
743359847752564736,capitalmarkets europe needs up to 2 trillion in total infrastructure investment by 2020 according eib cmu fact ue,1
743359752067915776,rt jhilleu europe needs deeper capital markets cmu so businesses can get the funding they need 1000companies https t co ffd8rshhpl,2
743353399974887424,rt pablomalumbres at the fesebrussels convention in malta happy to be here let 's talk about cmu capital markets union https t co mz,0
743350649564237824,rt jhilleu europe needs deeper capital markets cmu so businesses can get the funding they need 1000companies https t co ffd8rshhpl,2
743347869529178113,at the fesebrussels convention in malta happy to be here let 's talk about cmu capital markets union https t co mzgfukdvat,0
743328335200018432,rt jhilleu europe needs deeper capital markets cmu so businesses can get the funding they need 1000companies https t co ffd8rshhpl,2
743260649837334528,rt mattbomer congratulations leslieodomjr on your well deserved tony tonight ! beautiful speech cmu thetonyawards,0
743241815495704576,morning walk from a few weeks back cleaning out my old photos cmu pittsburgh https t co izuum3b0av,1
743210591473512448,rt jhilleu europe needs deeper capital markets cmu so businesses can get the funding they need 1000companies https t co ffd8rshhpl,2
743206238058586112,sportparadise central michigan chippewas adjustable cap https t co anfdr4sirk centralmichigan chippewas cmu https t co wudbltt23y,1
743204797382279169,rt kayswinburnemep so great to be with lsegplc to launch 1000companies to inspire europe 3 welsh companies made the list ! cmu https,0
743204384557907972,rt mattbomer please check out my friend leslieodomjr 's new album out today one of my favorite voices on the planet ! cmu https t co,0
743201148442710016,rt jhilleu improving funding options for businesses at heart of cmu need more initiatives like lsegplc 1000companies to inspire europ,0
743201124849713152,rt jhilleu europe needs deeper capital markets cmu so businesses can get the funding they need 1000companies https t co ffd8rshhpl,2
743197945856655360,rt jhilleu europe needs deeper capital markets cmu so businesses can get the funding they need 1000companies https t co ffd8rshhpl,2
743194813688909824,rt jhilleu europe needs deeper capital markets cmu so businesses can get the funding they need 1000companies https t co ffd8rshhpl,2
743191634339323904,rt news from afme securitisation is a key building block for the eu commission s capital markets union project cmu globalabs https t,1
743190719737790464,rt news from afme securitisation is a key building block for the eu commission s capital markets union project cmu globalabs https t,1
743164997925212160,rt jhilleu europe needs deeper capital markets cmu so businesses can get the funding they need 1000companies https t co ffd8rshhpl,2
743163034789621760,athlon is sleeping on cmu this year https t co 2oghgczhu7,1
743160974765621248,banks amp capital markets two vital components of the financial system integrated cmu can support growth in europe 1000companies,1
743156853148880896,rt jhilleu europe needs deeper capital markets cmu so businesses can get the funding they need 1000companies https t co ffd8rshhpl,2
743156478115192832,britain is obviously well placed to make the most of the opportunities provided by creating deeper cmu across the single market,1
743154361342234624,cmu students create water system to get thoughts flowing toward waterconservation https t co fodajltrj4,1
743148389244768257,rt jhilleu europe needs deeper capital markets cmu so businesses can get the funding they need 1000companies https t co ffd8rshhpl,2
743135433115205633,rt forfinancewatch mep paultang cmu is a patchwork of actions not a blueprint which leaves us space to inject a vision of sustaina,2
743134128753811456,rt jhilleu europe needs deeper capital markets cmu so businesses can get the funding they need 1000companies https t co ffd8rshhpl,2
743132187218841600,rt jhilleu europe needs deeper capital markets cmu so businesses can get the funding they need 1000companies https t co ffd8rshhpl,2
743127925852147712,rt kayswinburnemep so great to be with lsegplc to launch 1000companies to inspire europe 3 welsh companies made the list ! cmu https,0
743125653587910657,europeanissuers speaks cmu ease access to finance via prospectus review xrolet othmar karas paultang kayswinburnemep jhilleu lsegplc,1
743124613148905472,rt eufstracker in q4 2016 the commission will publish a legislative proposal for minimum harmonisation of insolvency law in the context,1
743114554163482624,brexit how cameron has already delivered big victories to big finance https t co kbrzftsxsv by corporateeurope cmu tomlinesorguk,1
743112649324384256,aww how cool ! cmu fireupchips mackinacisland https t co 6oggytqseg,0
743112431111544832,rt erikbryn we now have women leading the top three ai labs on the planet daniela rus mit fei fei li stanford and manuela veloso,0
743107895231926272,rt kayswinburnemep so great to be with lsegplc to launch 1000companies to inspire europe 3 welsh companies made the list ! cmu https,0
743106705328898048,rt cmubookstore orientation session 10 today ! welcome to cmu ! fireupchips cmich2020,0
743105015699648512,rt forfinancewatch mep paultang cmu is a patchwork of actions not a blueprint which leaves us space to inject a vision of sustaina,2
743103237264269312,rt news from afme securitisation is a key building block for the eu commission s capital markets union project cmu globalabs https t,1
743103185917775876,rt jhilleu europe needs deeper capital markets cmu so businesses can get the funding they need 1000companies https t co ffd8rshhpl,2
743102943851864064,check out our latest wednesdaywisdom brought to you by the visionary waltdisney waltdisneyco mscf cmu https t co ayfdxbuwoj,1
743102587336073217,rt mattbomer congratulations leslieodomjr on your well deserved tony tonight ! beautiful speech cmu thetonyawards,0
743101248438718464,rt jhilleu europe needs deeper capital markets cmu so businesses can get the funding they need 1000companies https t co ffd8rshhpl,2
743100890261905408,rt mattbomer congratulations leslieodomjr on your well deserved tony tonight ! beautiful speech cmu thetonyawards,0
743100530675814400,rt cmuinnovation let 's go tartans cmu teams w pittsburgh in smart cities challenge https t co u9be0rxqjp via oracle amp cmu cie http,1
743100303059345408,mep paultang cmu is a patchwork of actions not a blueprint which leaves us space to inject a vision of sustainability in it cmu4who,2
743096269825019904,securitisation is a key building block for the eu commission s capital markets union project cmu globalabs https t co gdsefz8c4m,1
743090297870127104,rt ugambini 1000companies lseplc event hosted ramontremosa full room thx jhilleu antonio tajani smes cmu bettertogether https t,0
743087227702497280,rt ugambini 1000companies lseplc event hosted ramontremosa full room thx jhilleu antonio tajani smes cmu bettertogether https t,0
743086985523433472,rt jhilleu europe needs deeper capital markets cmu so businesses can get the funding they need 1000companies https t co ffd8rshhpl,2
743086882108641280,final panel of day 2 at globalabs looks at the impact of cmu on securitisation https t co b3xwx9knqt,0
743084724197949440,what was panther hollow inn cmu https t co ukmv1shgec,1
743083405181603840,rt jhilleu europe needs deeper capital markets cmu so businesses can get the funding they need 1000companies https t co ffd8rshhpl,2
743082930902302720,in q4 2016 the commission will publish a legislative proposal for minimum harmonisation of insolvency law in the context of cmu,1
743082905623236608,rt jhilleu celebrating 1000companies europe launch with lsegplc great initiative to help channel investment to remarkable european sme,0
743081942158053377,rt kayswinburnemep so great to be with lsegplc to launch 1000companies to inspire europe 3 welsh companies made the list ! cmu https,0
743081861241577473,rt jhilleu celebrating 1000companies europe launch with lsegplc great initiative to help channel investment to remarkable european sme,0
743080888905441280,rt jhilleu europe needs deeper capital markets cmu so businesses can get the funding they need 1000companies https t co ffd8rshhpl,2
743080815849050112,rt jhilleu europe needs deeper capital markets cmu so businesses can get the funding they need 1000companies https t co ffd8rshhpl,2
743080530355179520,rt mattbomer congratulations leslieodomjr on your well deserved tony tonight ! beautiful speech cmu thetonyawards,0
743080439364083713,rt jhilleu improving funding options for businesses at heart of cmu need more initiatives like lsegplc 1000companies to inspire europ,0
743079362128433153,rt jhilleu europe needs deeper capital markets cmu so businesses can get the funding they need 1000companies https t co ffd8rshhpl,2
743078062405918720,europe needs deeper capital markets cmu so businesses can get the funding they need 1000companies https t co ffd8rshhpl,1
743074649802739712,1000companies lseplc event hosted ramontremosa full room thx jhilleu antonio tajani smes cmu bettertogether https t co ktmg187yve,1
743073104751173632,rt jhilleu celebrating 1000companies europe launch with lsegplc great initiative to help channel investment to remarkable european sme,0
743072818909286400,jhilleu lsegplc thanks for coming very interesting event ramontremosa antonio tajani cmu 1000companies https t co yffyejvmco,0
743072160881737729,rt jhilleu improving funding options for businesses at heart of cmu need more initiatives like lsegplc 1000companies to inspire europ,0
743071258653405185,rt mattbomer congratulations leslieodomjr on your well deserved tony tonight ! beautiful speech cmu thetonyawards,0
743070857971564544,rt jhilleu improving funding options for businesses at heart of cmu need more initiatives like lsegplc 1000companies to inspire europ,0
743070684696449024,improving funding options for businesses at heart of cmu need more initiatives like lsegplc 1000companies to inspire europe,0
743070666711261184,rt jhilleu celebrating 1000companies europe launch with lsegplc great initiative to help channel investment to remarkable european sme,0
