743557900790968320,columbia md businessmgmt job entry level mortgage associate at aerotek https t co pv8tykmbto jobs hiring,1
743557378239455237,interested in a clerical job near columbia md \? this could be a great fit https t co 4wegfnzz1s hiring careerarc,0
743557161234534400,columbia md healthcare job medical social worker i prn at howard county general hospital https t co v7xcfij7og socialworker jobs,1
743556941419413505,want to work in columbia md \? view our latest opening https t co hwzuaf0900 retail job jobs hiring careerarc,1
743556022879424512,interested in a skilledtrade job near columbia sc \? this could be a great fit https t co step1ddcoy hiring,0
743555497492520960,interested in a hospitality job near columbia ms \? this could be a great fit https t co crw4hpnuca sonic hiring careerarc,0
743554946251927552,2004 freightliner columbia mid roof sleeper 6500 979 279 5685 or 979 268 9194 freightliner columbia https t co ejsvrdkp2m,1
743554888836079616,columbia men sport mirrored polarized lens sunglasses nwt with black pouch at https t co vwmmenop1d https t co t783yh3uqs,1
743554887179374592,columbia men sport mirrored polarized lens sunglasses nwt with black pouch at https t co xzxti5tkue https t co sprh3wpwcv,1
743554542411751425,want to work at city of columbiasc \? we 're hiring in columbia sc ! click for details https t co 3jytavndli it job jobs careerarc,1
743554184943927297,record corporate cash may hide debt hazard https t co jmmdp7ant3 columbia biz,1
743554177910059008,soho s gilded home store where money flows like water https t co 4lhxrsc6cr columbia biz,2
743553970153496576,2007 freightliner columbia mid roof sleeper 4600 979 279 5685 or 979 268 9194 freightliner columbia https t co p7affokvcj,1
743553431994929153,i am looking for a buyer on 1821 woodsboro drive columbia sc https t co r3irfppvtu realestate https t co qclde2irgt,2
743553291938738176,columbia jackets columbia jacket men 's 2xl bugaboo 3 in 1 winter warm gray and blue https t co zogsphfsp2 jacket forsale,1
743552852765773825,can you recommend anyone for this job \? or op surgery https t co zzbiran5ys columbia sc nursing hiring careerarc,1
743552463114928128,we 're hiring ! click to apply licensed financial services representative https t co uvnoasujzd insurance veteranjobs columbia sc,0
743552297968381952,want to work in columbia tn \? view our latest opening https t co j95tr8qpan retail job jobs hiring https t co 2qiiguovfo,1
743552134084452352,check out columbia sportswear light blue athletic outdoor shorts womens size 8 columbia https t co sgpc9p7s2j via ebay,1
743551866118692869,see our latest columbia mo job and click to apply shift manager noodles and https t co efixpqiged https t co 7e1emdp3c3,1
743551862566162432,check out columbia sportwear company duck button long sleeve cotton shirt mens size m columbia https t co gticetnd75 via ebay,1
743551589021974528,we 're hiring ! click to apply receptionist prn https t co ktc4n9ncxx clerical columbia md job jobs careerarc,1
743551397958922240,check out columbia xco green plaid button long sleeve shirt mens size l columbia buttonfront https t co tjna8mz2nl via ebay,1
743551328941649920,ny ef friends studyabroad columbia girls students teenagers classmates ef academy new https t co qs8r4keimk,1
743551164805853184,transportation civil engineer foth \( columbia sc \) https t co uu9izp6n0o engineering veterans job jobs hiring,0
743550761909391362,want to work in columbia sc \? view our latest opening https t co 9kbfewp4cc retail job jobs hiring careerarc,1
743550633647607808,labor job in columbia md retail store warehouse associate at bob 's discount furniture https t co trneaomndc veterans jobs hiring,1
743549810565750786,nursing job in columbia tn rn at fresenius medical care https t co urth4nkv5n dialysis jobs hiring careerarc,1
743549418901741568,science says a common piece of career wisdom may be wrong https t co y3bholoobo columbia biz,2
743549416011870208,warren buffett stake suggests apple is all grown up https t co 0sqdbwavjm columbia biz,2
743549413075881985,the secret science behind baby names https t co v1bfanlnck columbia biz,1
743549410282450944,inspired by an 88 year old s fifth degree https t co yomsljj9tt columbia biz,1
743549404758556672,why facebook s imitators failed https t co 7yleqdwxcs columbia biz,2
743549400316788736,target poaches chief merchandising officer from nordstrom https t co fcfdekdbxo columbia biz,1
743549316078284801,want to work at city of columbiasc \? we 're hiring in columbia sc ! click for details https t co kauqjrbkux facilitiesmgmt job jobs,1
743548906894614529,see a virtual tour of our listing on 1905 cherry hill dr columbia mo https t co 6xkinnymrm realestate https t co ptcowyincp,0
743548691236036609,want to work at fresenius medical care \? we 're hiring in columbia sc ! click for details https t co xdwnjjxku1 nursing dialysis job,1
743548578920988672,rt univscreenprint dad will love one of these columbia or drake fishing shirts for father 's day ! columbia drake fishing fathersday ht,0
743548306983288832,rt univscreenprint dad will love one of these columbia or drake fishing shirts for father 's day ! columbia drake fishing fathersday ht,0
743547909371662337,interested in a hospitality job near columbia sc \? this could be a great fit https t co ebl8jvuzlu sonic hiring careerarc,0
743547795139747840,dad will love one of these columbia or drake fishing shirts for father 's day ! columbia drake fishing fathersday https t co tsmuw9aqz5,0
743547080866574336,join the kelly services team ! see our latest manufacturing job opening here https t co ipgfiuzpko kellyjobs columbia mo hiring,0
743546349874970625,mens columbia convert jacket color blue black nwt retail 170 at tactical gear zone gt https t co umimyska2s columbia hiking deals,1
743545998782259200,this sales job might be a great fit for you sales and service supervisor https t co enl5vhhyv5 columbia md https t co jui8crqfo4,0
743545386225143808,careerarc businessmgmt job alert net developer software engineer at amp t columbia md https t co wykn6vld5s jobs hiring,1
743545267572580353,columbia mirrored hd polarized sunglasses nwt with black microfiber pouch at https t co f12ijkfjnh https t co kg1c9kh0qe,1
743545126258155521,arte flamenco 16th annual recital sat june 25th slayton house theatre in columbia md https t co snptbpivhz https t co vji1jfcl2y,1
743545115369701376,columbia mirrored hd polarized sunglasses nwt with black microfiber pouch at https t co fcqkzr3xbb https t co vjv644nwd8,1
743545094314262528,rt vjsinc shop with us this father 's day ! columbia southernmarsh mossyoak carhartt rainbowsandals https t co sd1lxx8h3u,0
743545081068556288,our columbia team had a great time networking at last night 's midlands meet up amp cheering on https t co pxcootkfbw,0
743544779426824192,this healthcare job might be a great fit for you pharmacy technician target store https t co vlnyya0n7o columbia mo hiring,0
743544589206847488,mens columbia convert jacket color blue black nwt retail 170 at tactical gear zone gt https t co htxfaje6td columbia hiking deals,1
743544484344954881,see our latest columbia sc job and click to apply or op surgery https t co yflddu7pol travelnurse hiring https t co lmrb0yxeq8,1
743544433891753985,three way marriage completes charter 's acquisition of time warner cable https t co etotpwunvb columbia biz,1
743544431928872961,why hedge funds crowd into positions https t co 6mqenmx3sf columbia biz,1
743544429781356544,how to revive the u s economy https t co gurezqusc3 columbia biz,1
743544427570958338,corporate excuses abound in tough times https t co 1zqgnqcrs9 columbia biz,1
743543785364160513,lpn lead care manager reminiscence bg sunrise senior living \( columbia md \) https t co 50nzvwt7p2 nursing job jobs hiring,0
743543348040916993,interested in a engineering job near columbia md \? this could be a great fit https t co sbjt8kvxr0 hiring careerarc,0
743542571528400897,transportation job in columbia md cdl furniture delivery driver at w b mason https t co f2kgf7by9h jobs hiring,1
743542522161487872,columbia sc job crew leader senior \( street \) at city of columbiasc https t co iuipq7d76m jobs hiring careerarc,0
743542351256129536,insurance account rep \( entry level college grad 34k \) aerotek \( columbia md \) https t co l17653jfl2 insurance job jobs hiring,1
743542175204446209,we 're hiring ! click to apply care manager reminiscence bg https t co us8nkfs3rf nursing columbia md job jobs careerarc,0
743541867271249921,can you recommend anyone for this retail job \? https t co ftwu0ijm2n columbia mo hiring,1
743541772635209733,rt john khabbaz golfers join the rest of world use data https t co jkbxmkmlzj columbia biz,1
743541642964008960,hospitality job in 276 harbison blvd columbia sc shift supervisor \( us \) at starbucks https t co wynubb8zf9 veterans jobs hiring,1
743541458154622976,rt mobusinessnet columbia expands to become 4th largest city in missouri by jjacksonjr via columbiatribune https t co tcmubiqozn,1
743541402315927552,i had a great first day at californiadreaming ! ! newjob thankful columbia acapitalplacetobe famouslyhot https t co 5qizpqt6pe,0
743541130726244352,businessmgmt job in columbia md java developer \( government \) at at amp t https t co mphjn2cgyh jobs hiring https t co ctvdvdrzio,0
743540478281408512,tibco mft engineer jobs in columbia md columbia md jobs jobsearch https t co zusevcslcx,1
743539834300465152,see a virtual tour of my listing on 6250 n boothe ln columbia mo https t co vv3svhuchi realestate https t co mo4wftserb,0
743539760883466242,golfers join the rest of world use data https t co jkbxmkmlzj columbia biz,1
743539757221814272,macy 's a candid assessment of the present and a recipe for the future https t co ahwuy13oob columbia biz,0
743539559732895744,interested in a hospitality job near columbia ky \? this could be a great fit https t co wlfeav49es sonic hiring careerarc,0
743539474345275392,registered nurse tcas document central prn howard county general hospital \( columbia md \) https t co xisxxcmrwp nursing job,1
743539353419452417,change happens slowly it 's easy to forget what things were like here 's a little reminder gt https t co dmcpzhv4oy columbia growth,1
743539134229319680,senior software engineer c c python perl jobs in columbia md columbia md jobs jobsearch https t co jqijjemwii,1
743539077505396736,roots blues w the backroad band rosemusichall columbia mo pepesofcolumbia open inside the venue ! join us ! https t co m6mtwgurx9,0
743538854993477633,one person injured following shooting at columbia walmart https t co hkmswrinvz https t co sphcjy8brl,0
743538821053063168,customer support analyst level ii tech oracle \( columbia md \) https t co lm2londpuo it job jobs hiring careerarc,0
743538257284071424,this security job might be a great fit for you housing inspector \( columbia police department \) https t co wdjn7urvbu columbia sc,0
743538255501496320,wolverine worldwide retail job part time store associate stride rite \( columbia md \) https t co h7g18spu6k jobs hiring careerarc,1
743537127636381696,sales job alert security sales engineer various locations intel corporation columbia south carolina https t co hudylxgdgn,1
743536993724817408,check out our listing in columbia mo https t co vyvcbbsm0e realestate realtor https t co zyicrynr8s,1
743536962280263680,7 columbia simply the best ! bonuspoints columbia,0
743536893825064960,6 columbia is my store \) bonuspoints columbia,0
743536695174258688,can you recommend anyone for this job \? physician \( chief vascular surgery \) https t co 6i3fpowjje columbia sc physician veterans,1
743536678804021249,4 it 's great shopping at columbia ! bonuspoints columbia,0
743536572142870529,3 it is worth shopping at columbia ! bonuspoints columbia,0
743536494036590593,1 my favorite store is this \) bonuspoints columbia,0
743536472813248513,can you recommend anyone for this nursing job \? https t co 460uwcjq1s columbia md hiring,1
743536400025419777,2 great shopping at columbia stores ! bonuspoints columbia,0
743536264700399617,1 my favorite store \) bonuspoints columbia,0
743536166926848000,join the fresenius medical care team ! see our latest nursing job opening here https t co n4chas4n3p dialysis columbia sc hiring,0
743535527325011969,adult medium columbia brand medium weight ski snowboarding jacket at tactical gear zone gt https t co umimyska2s columbia hiking de,1
743535523982090240,columbia core interchange full zip fleece jacket liner men's large gray at tactical gear zone gt https t co umimyska2s columbia hiking,1
743535509855600640,we 're hiring ! read about our latest job opening here crew leader \( street \) https t co 3isckpbq8h columbia sc careerarc,0
743535381988073472,see our latest columbia sc job and click to apply carhop skating carhop \( server \) https t co 4dbmtq3iwv sonic hospitality hiring,0
743534886338846722,adult medium columbia brand medium weight ski snowboarding jacket at tactical gear zone gt https t co htxfaje6td columbia hiking de,1
743534877828583424,columbia core interchange full zip fleece jacket liner men's large gray at tactical gear zone gt https t co htxfaje6td columbia hiking,1
