743557521097490432,for many cornell alumni cornelliana night is a must see cornellreunion https t co kgubsblkve https t co qlbhlkiiyp,1
743554743746830336,for many cornell alumni cornelliana night is a must see cornellreunion https t co 965yvqdz48 https t co vumf8cayzi,1
743554241894223877,for many cornell alumni cornelliana night is a must see cornellreunion https t co jtlthjpcfv https t co yixuaktcrz,1
743549658505617410,for many cornell alumni cornelliana night is a must see cornellreunion https t co aowogwzmzo https t co j19p1ihkrk,1
743546203531522048,mattamy homes unveiled a new lowrise building in its lauded cornell community visit the condominiums of cornell https t co s0ph4esbhf,0
743546201744740357,mattamy homes unveiled a new lowrise building in its lauded cornell community visit the condominiums of cornell https t co moeutqjxwn,0
743546188893421570,for many cornell alumni cornelliana night is a must see cornellreunion https t co ao1oabsit0 https t co xobhqkjnwo,1
743545936379584517,for many cornell alumni cornelliana night is a must see cornellreunion https t co wryyoquhxj https t co ux3rx7i2dj,1
743545704094662657,for many cornell alumni cornelliana night is a must see cornellreunion https t co eli0wvpgqx https t co amosapjkh8,1
743545059505741824,alien contact still 1500 years away say cornell scientists https t co dqddhp7jm2 https t co lkqddnyzff,1
743544572584857600,for many cornell alumni cornelliana night is a must see cornellreunion https t co kxljscd6kz https t co brujzmix00,1
743543169627881472,for many cornell alumni cornelliana night is a must see cornellreunion https t co lp1bximu3g https t co rz5b65vyud,1
743542494701457408,for many cornell alumni cornelliana night is a must see cornellreunion https t co hqq2xpdtlq https t co yfzfagk5do,1
743541959181074433,rt cornellalumni rawlings reflects on strength of american universities https t co fbmzux08ob highered cornell https t co 5amhrrsd66,1
743541241384734720,for many cornell alumni cornelliana night is a must see cornellreunion https t co hzchcbowqz https t co ej8w8fdgyp,1
743538272886915072,for many cornell alumni cornelliana night is a must see cornellreunion https t co 0rplcxio5z https t co 0ic5ut524y,1
743538135825530881,for many cornell alumni cornelliana night is a must see cornellreunion https t co l7cq7w7ioq https t co rxbkn1fuq1,1
743537849119608832,for many cornell alumni cornelliana night is a must see cornellreunion https t co 9tpjpnqh5t https t co aygxxnex2p,1
743536943477170177,for many cornell alumni cornelliana night is a must see cornellreunion https t co qiaik48sdw https t co u7iumvujzr,1
743536389308833793,for many cornell alumni cornelliana night is a must see cornellreunion https t co fewwgav9ar https t co brsdzj2txe,1
743536375396327424,for many cornell alumni cornelliana night is a must see cornellreunion https t co bazwvqpvrd https t co cxddivz5xx,1
743534081552486400,we are looking for a buyer on 0 170th ave cornell wi https t co dz2vg8hsix realestate https t co jo9mpeblqi,2
743530864685027329,rawlings reflects on strength of american universities https t co fbmzux08ob highered cornell https t co 5amhrrsd66,1
743525808422060032,cornell busty with catalina cruz having a threesome with terri and christian with catalina cornell busty https t co mzasqd6hjm,0
743519094234877952,cornell s johnson school becomes latest leading bschool to name a new mba dean https t co hwfq7m12fb via clearadmit,1
743518907789541376,6 17 dissertation seminar jiyao zhang 11am 200 savage hall cornell nutrition seminar for more seminars visit https t co jehpq6rdfw,1
743504653812277248,i am looking for a buyer on 18573 hwy k cornell wi https t co hiw0u7pf70 realestate https t co xrl9yzeli0,2
743499402799611904,michaelmcgandy thanks for folloback is there anything for frank sullivan in ithaca \? we need frank sullivan day or month cornell books,0
743499389046394881,alien contact could be 1500 years away say cornell astronomers https t co osxrblrptb zippednews https t co l7zyfyksuc,1
743498877953802241,cornell warns about phishing scheme to steal personal info https t co uqglpus27k,1
743492696690597888,rt cornellpma tbt cornell theatre 1987 prod of love 's labour lost l to r sherry cohen harvy blanks maurice daniels https t co 8,0
743491464445964288,tbt cornell theatre 1987 prod of love 's labour lost l to r sherry cohen harvy blanks maurice daniels https t co 8kjll9vqmo,0
743487417823297536,rt h7n33n stop bsd harassment of israel supporter ! no2bds uindy iupui sdsu sfsu uci ucirvine emory cornell ucla https t co,1
743487201233645568,rt h7n33n 100 uk muslims think lgbt unacceptable majority would ban it https t co wtobmcrhbf harvard yale princeton cornell d,1
743479101688668161,rt cornellclique dk amp cornell bounce it dk cornell clique hottest song of the year retweet https t co oosvahwowr http,1
743475719804641280,alien contact is coming in 1500 years https t co 0lsubsnyku aliens am720kdwn cornell,1
743474782168055808,faculty can engage students with video based discussion board posts in blackboard https t co cnyotmk6rt cornell,0
743472717102473216,rt greenstarcoop cool web site what 's good ithaca https t co don5sbsekr twithaca cornell ithacacollege downtownithaca,0
743472543374413824,cool web site what 's good ithaca https t co don5sbsekr twithaca cornell ithacacollege downtownithaca,0
743472185268809729,i would love to show you my listing at 1412 bridge st cornell wi https t co pe0glo5yul realestate https t co 848vtgt2hb,0
743468405269762048,rt cornell cornell study finds troubled youth facilities benefit from 'ecological approach' cornellche https t co vwvqlscljh,1
743456743544356864,https t co szeygp8k7u justlisted realestate cornell new listing by brady jenneman 0 230th ave cornell wi https t co q9npz4x6ch,1
743451911391707137,alien contact unlikely for another 1500 years study astronomers at cornell university made the calculation https t co wkfctiniot,1
743449749584392192,candice cossio would love to show you the listing at 300 s 4th st cornell wi https t co qjj7l3wydf realestate https t co ursmaz5bz6,0
743445418357497856,rt cornell health thank you lgbtcornell for all that you do for cornell students https t co dvinddc9be,0
743445104933900288,rt cornell cornell study finds troubled youth facilities benefit from 'ecological approach' cornellche https t co vwvqlscljh,1
743444884179259392,rt cornell health thank you lgbtcornell for all that you do for cornell students https t co dvinddc9be,0
743444519409061888,getting ready for mrs cooley 's 2nd grade class juice tasting senses can be deceiving ! nysaes cornell cals https t co l2themqhyw,0
743431048751620098,who is pryde and what do we do \? an introduction youthdev 4h nys4h cornell iamhumec https t co tpxwyai7j2,1
743430684434436096,cornell study finds troubled youth facilities benefit from 'ecological approach' cornellche https t co vwvqlscljh,1
743428360110432261,dk amp cornell bounce it dk cornell clique hottest song of the year retweet https t co oosvahwowr https t co xbi5bsaum9,1
743426913692192768,thank you lgbtcornell for all that you do for cornell students https t co dvinddc9be,0
743420059478024196,tbt me stella and ezra on the arts quad cornell wheredoesthetimego https t co 2n9zt4boyg,0
743416659856203776,cornell vet research tower energyconservation project saves 122000 and 188 tons co2 annually sustainability https t co uusbmjsifc,1
743407963239555072,unveiling the secrets of santorini cisterns with gwp mediterranean cornell un amp water supply amp sanitation co https t co mccsxkkvcn,1
743392412488318976,rt thegrapeprof arandell a cornell hybrid from reischnewyork strangely shaped leaves and disease resistance thanks to v cinerea http,2
743382139949973505,the future of hotel revenue management scoopit https t co mjhfzpkrnj cornell university,1
743350135942348804,cornell and bettye busty blonde sucking a fat cock pov style outside bettye busty cornell blonde sucking cock https t co qjuawyrxj7,2
743330344879874052,cornell and bettye teases friend kayden before kissing her on skype bettye cornell kayden before teases https t co crinamiw6d,1
743283446030569473,cornell reunion and with a mini cornell jgsm gobigred https t co paxia1uwes,0
743252017993256960,rt cornellalumni business college will launch july 1 https t co 9kt53j0ggv cornell https t co ah1n21qseo,0
743233283123777536,our best winewednesday buddy \? that 's you marisa hotelieforlife cornell gobigred ava https t co 7jav5z3mzt,0
743207002348847104,uru is about to do our second demo of the day this time for the cornell trustees ! cornell tech computervision https t co vbrelchjqz,0
743204226663342080,the latest the politics master daily ! https t co y1hrla9xe1 philosophy cornell,1
743191626131046400,rt cornellalumni business college will launch july 1 https t co 9kt53j0ggv cornell https t co ah1n21qseo,0
743189937441341440,business college will launch july 1 https t co 9kt53j0ggv cornell https t co ah1n21qseo,1
743173223739600897,cornell method for the generation of strong spin current for use in memory devices receives us patent https t co 0jlv0l5gqi,1
743158363446480897,rt ccecornell harvest ny partners with suny cobleskill on unique beef cutting seminar https t co uyvjtmsdhw agnews cornell https,1
743155788894478336,100 uk muslims think lgbt unacceptable majority would ban it https t co wtobmcrhbf harvard yale princeton cornell dartmouth mit,1
743153205853491201,rt greenstarcoop josh fox movie screening how to let go of the world coming to geneva twithaca ithacacollege cornell https t co az,0
743153086751989760,rt greenstarcoop we love local produce ! twithaca coop cornell ithacacollege ithacaeats ithacacooks https t co bkyh1auwp8,0
743145024662142976,cranberry vines ready to bloom at cornell orchards ca n't wait till harvest in october ! https t co enawnt6ejn,0
743136814727192576,stop bsd harassment of israel supporter ! no2bds uindy iupui sdsu sfsu uci ucirvine emory cornell ucla https t co yud7g8jnkr,1
743125392936968192,avid4college doing some cornell notes today ! good stuff ! https t co kp1w0fbddr,0
743123316081254400,cornell gorgeous lubed up and ready for lezzing with flora and erna lubed cornell gorgeous lezzing read https t co boq9jnrdhv,1
743097465113579521,cornell incoming freshman and transfers do n't forget to register for pre orientation service trip \( post \) https t co 2r5giljdij,1
743093162084683779,check out our listing in cornell https t co ohhm240qfl realestate realtor https t co jtd5e4iwga,1
743091720116699136,rt jolenerightmyer sneak peak for all of you jrm team at realtyusa followers coming on the market today ! twithaca ic cornell https,0
743091185363865600,sneak peak for all of you jrm team at realtyusa followers coming on the market today ! twithaca ic cornell https t co cfama4qrrt,0
743087117178376192,rt cornell services amp support are available for cornell community members impacted by the tragedy in orlando https t co eygepx2x3q,1
743064282519207936,rt cornell services amp support are available for cornell community members impacted by the tragedy in orlando https t co eygepx2x3q,1
743059989401587712,sneak peak for all of you jrm team at realtyusa followers coming on the market today ! ithaca twithaca ic cornell https t co kheuprfk9u,0
743048584560578560,cornelliana night at cornell a reunion 2016 highlight https t co yafhftym1c https t co qgehwiyn8t,0
743037325802917888,the latest the language geek daily ! https t co kyuyykzmtt thanks to babla verbingnouns alphaproofing cornell multilingual,0
743013558284353536,adj prof gail holst warhaft on the joint cornell gwp mediterranean rainwater harvesting project in santorini https t co brvp74iugc,1
743013223562108928,rt jeffhrichard andrew amp ann tisch have created a jacobs technion cornell institute endowed professorship ! https t co zekfwuwuvy http,1
743002146774339584,leo villareal cosmos installation art at the cornell campus gorgeous https t co brgvecfkla,1
742995316379668482,cornell and bettye gets her lush snatch played with on tinder bettye cornell lush snatch gets with played https t co izkhntbe93,0
742880263697502209,and here i am sifting for nematode eggs in 2012 ! weirdestorganism genewizweek cornell https t co xmz7q7tgak,0
742869482956328961,cornell joins whitehouse initiative to give 'fair chance' to students with criminal records https t co acvxlwangj,0
742869482452975616,cornell joins whitehouse initiative to give 'fair chance' to students with criminal records https t co vxcvmctyde,0
742861616342020099,phenomenal view of boston at annual cornell club of boston meeting ! cornell igboston https t co vsnxqflmph,0
742859036631011328,my walk home from work \( yes that is grass growing on that roof \) cornell westcampus sapro https t co fzfjssxrqt,1
742858212517543940,rt cornellcals redesigned nysipm site brings updated content from cornell experts on sustainable ways to manage pests https t co ond9,0
742857585150296064,rt cornell services amp support are available for cornell community members impacted by the tragedy in orlando https t co eygepx2x3q,1
742836041359499264,rt bpfriedlander lodge cornell 's atkinsoncenter preserving environment keeping earth green and helping climate https t co g1q6,2
742834078899044352,rt jeffhrichard andrew amp ann tisch have created a jacobs technion cornell institute endowed professorship ! https t co zekfwuwuvy http,1
742828206751768576,summer is here from cornell usa to split exploring amp havingfun with given2flyadventures https t co mqkmqpet8u,1
742827614495232000,rt cornell services amp support are available for cornell community members impacted by the tragedy in orlando https t co eygepx2x3q,1
