750560719746236419,deepmind s first medical research gig will use ai to diagnose eye disease google s machine https t co x8rnuleiul tech mit news,1
750542562944028673,new post cancer medicine mit science coin sized device could lead to personalized cancer therapy https t co bq4zdkcd2y,2
750539320826662913,rt climatecolab 60 finalists announced on mit climatecolab climatevote for your favorite proposals https t co wvdrwrjlh6 https,1
750529984364699648,rt campuscodi mit 's new swarm multi core cpu architecture uses graphs to boost multi core cpu speed https t co ixx76en7xz mit https,1
750526965631836160,rt campuscodi mit 's new swarm multi core cpu architecture uses graphs to boost multi core cpu speed https t co ixx76en7xz mit https,1
750522750649774082,business mit leading and transforming the global energy sector to address climate change 2016 https t co vegvoqq6xk management,1
750512573385023488,uc lindner college of business to host conference of supply chain thought leaders university of c https t co quhesw0iwh mit scm,1
750511759212048384,mit is on a mission to make power cords smarter https t co cvernupuo8 mit,1
750511743638593540,mit is on a mission to make power cords smarter https t co 7g2qzrnsrd by drcrypt via fastcodesign,1
750510468318494720,how a flex time program at mit improved productivity resilience and trust https t co p4pbcpjwkq https t co upmanhfugf rikwalters,0
750509583895060480,rt mazeengineer assigning emotional associations to specific events a study using two population of neurons mit neuroscience http,2
750500938448793600,'from the dirty shwa to the west end ' my nigga shout out the whole block east to west mit onthecomeup,1
750496289981288448,rt erikbryn we now have women leading the top three ai labs on the planet daniela rus mit fei fei li stanford and manuela veloso,0
750490503926386688,rt iysse us 7 7 meeting at mit clinton amp trump the illusion of choice https t co 681sd5dqr4 bu northeasternu simmons https t co,1
750489118510055424,rt iysse us juno spacecraft enters orbit around jupiter world socialist web site https t co ja6ft4yzic mit harvard https t co b8,1
750488386134274050,mit and the touchable future of communication https t co hwpxxi8sfq via fastcodesign,1
750480541342846980,rt firehazardlabs software algorithms are advancing the speed of 3dprinting complex structures like hair mit https t co nn1stjeivq ht,0
750479936314572800,software algorithms are advancing the speed of 3dprinting complex structures like hair mit https t co nn1stjeivq https t co potkmsyjys,1
