743553768835284992,we re more likely to protect women than men according to psychology research led by nyu https t co ut9olymvrd https t co simtvluvpi,1
743550964309823488,hallibit i sat down amp spoke about growingupinthewings nyu and pdd check it out and https t co ibw9ixgbkc https t co hd5knezka8,1
743547953504092160,rt nyuwasserman nyusteinhardt any nyu teachers looking to find the right school to work at \? check out the below event ! https t co 1u4,0
743545913239474176,when empie lighted up purple for nyu graduation ! tbt nyc studentlife bff https t co r3whvvtnur,1
743544882590015488,rt jamesdevittnyu for beach or subway nyu profs staff amp students offer not required summerreadinglist https t co vwbzofa8j7 http,1
743535037979713537,shame on nyu 's board ! they just voted against divesting from fossil fuels proud of nyudivest ! never never never give up divest,2
743534527067394048,hearing at nyu forum about safari of dynamic entrepreneurship incl firms created to be sold like unicorns https t co dedq2lxgcq,1
743534187555262464,nyu nude protest busty pornstars movies https t co lhmt4togzk https t co 80ffjvwv8x,1
743533675451555840,nyu ! it 's time for free hotdogs now til 6pm at 5th ave amp washington sq north share your snapshots and tell us how delicious we are,0
743529194106261504,nyu remembering the 5th sikh guru and the 1st sikh martyr today https t co q5g1isimiu https t co nmjoa8tpmq,1
743528094426927105,nyusteinhardt any nyu teachers looking to find the right school to work at \? check out the below event ! https t co 1u4acqvyp3,0
743526126857949184,tonight 6pm at kjcc do n't miss a short film competition amp feature films as part of taffny3 nyu https t co quf5jsxc6i,0
743522589323190274,i'm going to nyu the fall ! my dream school ! \) d https t co l9mnshooxe,0
743522361056563200,the three cardinal rules of summer 1 down water 2 drench yourself in sunscreen and 3 demand dessert ! https t co fu2mqtstrf nyu,1
743520932195622912,competition is fierce but untapped magazine pitch is complete ! nyu summerpublishinginstitute ready for a drink https t co tlehnt7l9b,0
743518457153601536,the nyu weekly review community health forum urban future lab launches competition pell and nih funding update https t co incx8du1nx,0
743514414519844864,rt nyusternup tracking global urban growth w the un sample of cities tripartite collaboration between nyu landpolicy unhabitat https,1
743511556244250624,icymi nyu signed the whitehouse fairchancepledge https t co 1myvzosepr via nyuniversity education job hiring,1
743504869005328388,rt nyuniversity an nyu baseball player has been selected in the mlbdraft congrats cj picerni ! https t co 45ekxquvai https t co tp,0
743504327457837057,rt nyuentrepreneur your vision has to be bigger than you teamreboot sharing his wisdom with nyuslp entrepreneurs nyu https t co,0
743501139304456192,we are live at nyu for the community health forum ! agingwithattitude https t co 9zhzulxkwg,0
743498431600205824,the venezuelan working class at a crossroads world socialist web site https t co 6ej7nyazxz venezuela cuny nyu columbia,1
743492777678413824,rt hashtagnyu having trouble decorating your nyu summer housing \? already looking for inspiration for the fall \? worry not https t co t,2
743492534463234048,nyu global social media socialnewscorp https t co nqzvdchu0v via twitter and youtube nyuniversity,1
743492395652743168,having trouble decorating your nyu summer housing \? already looking for inspiration for the fall \? worry not https t co tbzvlnynkf,1
743491413657141248,which stations would you choose at our speed dating game if you only had time for three \? nyu ucf amc usembru https t co rygziku83y,1
743487481966825472,rt barrycuda3 barrycuda3 captdspawn5 nra realdonaldtrump muslim obama's fellow muslims kill gays worldwide daily ucsb nyu https t,1
743484756747292672,rt nyuniversity an nyu baseball player has been selected in the mlbdraft congrats cj picerni ! https t co 45ekxquvai https t co tp,0
743481487060668417,rt colesprouse we just graduated ! dylan bit me right after the last pic nyu http t co xtb8g1ynw6,0
743480114852225024,rt colesprouse we just graduated ! dylan bit me right after the last pic nyu http t co xtb8g1ynw6,0
743478550259335168,rt emmyrossum on tap for today final class at nyu before heading to start shameless ! ! !,0
743477590740992000,rt nyuniversity an nyu baseball player has been selected in the mlbdraft congrats cj picerni ! https t co 45ekxquvai https t co tp,0
743475796350767104,rt nyuniversity the wsj on the fairchancepledge that nyu and 24 schools took in a whitehouse ceremony https t co tdlzlniva7 https,1
743474541620502528,for beach or subway nyu profs staff amp students offer not required summerreadinglist https t co vwbzofa8j7 https t co ugmne54rx0,1
743474025972695040,rt nyuniversity an nyu baseball player has been selected in the mlbdraft congrats cj picerni ! https t co 45ekxquvai https t co tp,0
743473392574136325,be part of a quintessential nyc experience and see shakespeare in the park this summer https t co ggbi9tajmv nyu https t co plt8pbnn7z,1
743473243575640065,check out williameasterly 's project to show the changes happening throughout history to one nyc block https t co yjzijzuyxh nyu,0
743473114839916544,rt emmyrossum on tap for today final class at nyu before heading to start shameless ! ! !,0
743473047508779008,icymi watch a slideshow recap of graduation https t co p4qpshcukj congrats grads ! nyu,0
743471478834855937,an nyu baseball player has been selected in the mlbdraft congrats cj picerni ! https t co 45ekxquvai https t co tp5w85irwp,0
743471232750850048,master 's professional students can you describe your work in 3 minutes \? enter nyu 's lightening challenge by 7 1 https t co 3nv5wiiwxt,1
743462179421196289,cbs nyu partner on media analytics multichannel https t co onmpokgj8j marketing marketingnews research broadcast tvconsumption,1
743461933739806720,want to be cool \? \? we ve got just the thing for you ! https t co qsifru3dn5 nyu https t co zecg8npw9o,0
743457795693940736,rt goodmusicallday after blowing away pharrell at nyu maggierogers shares the full mixed amp mastered version of her song alaska htt,0
743457699484950532,rt socialbigapple nyu global social media socialnewscorp https t co sifsjo06jw,2
743457676085035008,rt goodmusicallday after blowing away pharrell at nyu maggierogers shares the full mixed amp mastered version of her song alaska htt,0
743451958149783552,nyu internship grant check it out ! https t co rootem9ykm,0
743451263619244032,rt nyunursing we can never allow hatred and violence to stand in the way of freedom dignity wholeness compassion and equality orlan,0
743450063989518337,learning about participatory decision making at my leadership workshop ! nyu https t co vep4rdyep1,0
743448046831284224,rt nyuentrepreneur your vision has to be bigger than you teamreboot sharing his wisdom with nyuslp entrepreneurs nyu https t co,0
743443944525045761,followed a bunch of nyu related handles cause i'm ready to be a part of nyuniversity nyu gsas ma this fall !,0
743443927563374593,rt artsandscience washington square park in 1962 tbt nyu https t co fyhbrzlxy9,1
743443024005337092,rt nyuentrepreneur your vision has to be bigger than you teamreboot sharing his wisdom with nyuslp entrepreneurs nyu https t co,0
743441400734289920,rt nyuniversity master 's professional students can you describe your work in 3 minutes \? enter nyu 's lightening challenge by 7 1 https,1
743441149336104960,your vision has to be bigger than you teamreboot sharing his wisdom with nyuslp entrepreneurs nyu https t co niidwxkdhz,0
743440767079825409,the nyu uses the builder premium large for all kind of print jobs this time they printed a bone \( fibula \) 3d nyu https t co xam6se65mv,0
743439242467090432,rt imercantile acre incubator nyu urban future lab competition to attract smartcity smartgrid startups https t co jgexq6i6mr,0
743438668233334784,4 my nyu compstrat stars case for our brand strategy discussions next week can vw the biz save vw the brand \? https t co s1cvm8uxsd,1
743438056334761985,acre incubator nyu urban future lab competition to attract smartcity smartgrid startups https t co jgexq6i6mr,0
743434837990662144,washington square park in 1962 tbt nyu https t co fyhbrzlxy9,1
743424450419363842,nyu runs on a microgrid a semi independent energy system to generate amp store its own power https t co qzxs3uf9eh via bi contributors,1
743421005956259842,rt colesprouse we just graduated ! dylan bit me right after the last pic nyu http t co xtb8g1ynw6,0
743323417735114753,rt hashtagnyu feeling that ac water dripping right on your forehead as you 're walking in nyc nyu https t co ldmoowz1wj,2
743304395895406592,rt nyuentrepreneur calling all writers podcasters photographers and visionaries ! nyu2020 make your mark in student media ! https t,0
743304224092491776,beautiful song by maggierogers the nyu music student with pharrell 's approval https t co lpbnwocq0b alaska,0
743300378389708804,rt nyuniversity 39 books to read this summer recommended by nyu faculty students and staff https t co ksogavcjyp https t co tcb3,0
743292244036227072,rt colesprouse we just graduated ! dylan bit me right after the last pic nyu http t co xtb8g1ynw6,0
743287363242188800,rt nyuentrepreneur calling all writers podcasters photographers and visionaries ! nyu2020 make your mark in student media ! https t,0
743285294984634368,rt nyuniversity 39 books to read this summer recommended by nyu faculty students and staff https t co ksogavcjyp https t co tcb3,0
743267768254922753,in case u missed this nvidia teaming up w nyu amp its deeplearning team for pioneering tech in https t co vaqcsisgc0,1
743267741616873472,in case u missed this nvidia teaming up w nyu amp its deeplearning team for pioneering tech in autonomousdriving https t co 0exjhea15g,1
743267478336339968,after blowing away pharrell at nyu maggierogers shares the full mixed amp mastered version of her song alaska https t co blaauixyue,1
743263444426600448,rt goodmusicallday after blowing away pharrell at nyu maggierogers shares the full mixed amp mastered version of her song alaska htt,0
743263126334771200,after blowing away pharrell at nyu maggierogers shares the full mixed amp mastered version of her song alaska https t co gw2uegcv1m,1
743262953374265345,after blowing away pharrell at nyu maggierogers shares the full mixed amp mastered version of her song alaska https t co jia2wamits,1
743259668898848768,rt centerformsis elevate workshop 2 the four quarters of the tenure game as a scholar of color with stella flores professorflores fr,0
743251791786180608,rt nyunursing congrats to ellen flaherty '04 who was named president of amergeriatrics ! nursing nyu ouralumsrule https t co r4fyfjv,0
743250541942312960,calling all writers podcasters photographers and visionaries ! nyu2020 make your mark in student media ! https t co rpr1pia8it nyu,1
743237981968830464,rt colesprouse we just graduated ! dylan bit me right after the last pic nyu http t co xtb8g1ynw6,0
743237663151521792,view of bobst and the nyu student centre from washington square park good to see you again nyuniversity https t co a1fqhfu6kk,1
743233389008826371,rt vickistylianou nyu forum hears from nz smallbiz and stats minister says that if nz does n't export it dies and supporter of tpp,2
743233375427661824,rt vickistylianou nyu forum hears that sharing economy may have created huge increase in part time entrepreneurs but people are not lea,1
743233351037792256,rt vickistylianou based on oecd seems many countries have similar smallbiz policies fewer smallbiz in us but annual data not good eno,2
743233335065907200,rt vickistylianou nyu forum hears from us smallbiz administration sba that policies are cyclical but should be counter cyclical,1
743233317634400256,rt vickistylianou opportunity driven entrepreneurship should be supported by govt policy over startups that are just making a living he,1
743233289125695488,rt vickistylianou korean smallbiz minister talks about intelligence digital physical world bio world to create jobs and growth,1
743233269806751745,rt vickistylianou korean smallbiz minister addresses nyu forum on korean entrepreneurship driven by the creative economy https t co,2
743233251557277696,rt vickistylianou nyu forum hears that vc talks about walking dead firms using up valuable capital better to have fast no than slow yes,2
743233238240366592,rt vickistylianou stats on smallbiz failure depend on definitions of being in business and of failure and measurement methods but ma,2
743233213946966017,rt vickistylianou so many indicators of conditions influencing entrepreneurship incl global competitiveness index hears nyu forum https,1
743233195693346816,rt vickistylianou worldbank entrepreneurship database has 212 economies based on national business registrations but not informal econo,1
743233162952617984,rt vickistylianou unctad has really good policy framework for measuring entrepreneurship tip at nyu forum,1
743233136633356288,rt vickistylianou actions conditions outcomes and impact all interact hears nyu forum about entrepreneurship policy https t co vq1c4h,1
743233111794679809,rt vickistylianou what are right entrepreneurship indicators and what are influences gem framework is used hears nyu forum https t c,1
743233091720753152,rt vickistylianou nyu forum many examples of global policy changes incl sth africa online regn for smallbiz via banks is good in theory,1
743233047185625088,rt vickistylianou icsb public policy forum at nyu on measuring and evaluating smallbiz and entrepreneurship and are we doing it right,2
743233000280719360,rt vickistylianou dr michael schaper of australia 's anti trust agency at the sme public policy forum at nyu https t co uzjo3dqxal,1
743232985290313730,rt vickistylianou look forward to day of insights at public policy forum for smes at nyu incl global policy changes,1
743232952402747392,rt vickistylianou dr michael schaper from australia 's anti trust agency addresses the public policy forum for smes at nyu https t co 3,1
743232916554055681,rt vickistylianou attending public policy forum at nyu on global policy changes impacting smes https t co rg3eapl9xw,1
