743576398292467712,learning improv like 30rock comedy ucb https t co vnxedwxigf,1
743560503016984576,spot just opened up in an intensive for improv 201 mon fri 9am 12pm https t co 0ez5oouftf ucb,1
743527567446052864,why bsd israel the only middle east country where christian pop is increasing \? uci ucb iub iupui uindy uc https t co khgepbwmr7,1
743524596943446017,it 's the quran that talks sh on islam amp death to infidels azizamirov sdsu sfsu ucb iupui umich yale https t co zjngggyxsc,1
743523935380086784,better to ban islam before the lgbt genocide 10 muslim states kill gays sdsu ucirvine ucb sfsu azizamirov https t co jwfdx2wyoi,1
743497458227896320,rt h7n33n the fate of moderate arabs in gaza jccwatch piccolodaimaojr ahmetmussa eddie1971nyc shim rational sjp jvp uindy sdsu,1
743491856227434496,rt myravery with robots it 's like teaching cooking as a story to an alien baby who only understands math zoe mccarthy ucb everything,1
743491646096965632,with robots it 's like teaching cooking as a story to an alien baby who only understands math zoe mccarthy ucb everythingismedia iftf,1
743487464656896000,rt h7n33n why does sjp boycott israel lgbt friend but not the 10 middle east states that murder lgbt \? sdsu sfsu ucb https t co,1
743486774530318340,rt h7n33n guncontrol is not enough stop muslim immigration new mosques https t co rixrpgsmkn jaredwyand sdsu sfsu uci ucb lg,1
743485174302703617,rt h7n33n sanfrancisco 's regressiveleft leaders wo n't stop the gaygenocide bravo to westhollywood https t co ol0lhabjgw sfsu uc,2
743485071676452864,rt h7n33n the fate of moderate arabs in gaza jccwatch piccolodaimaojr ahmetmussa eddie1971nyc shim rational sjp jvp uindy sdsu,1
743474034063646720,rt h7n33n the fate of moderate arabs in gaza jccwatch piccolodaimaojr ahmetmussa eddie1971nyc shim rational sjp jvp uindy sdsu,1
743472193527488512,spot just opened up in an intensive for improv 101 mon fri 9am 4pm https t co vsajlt4irs ucb,1
743471315676323840,the fate of moderate arabs in gaza jccwatch piccolodaimaojr ahmetmussa eddie1971nyc shim rational sjp jvp uindy sdsu sfsu ucb,1
743465652799700993,rt h7n33n sanfrancisco 's regressiveleft leaders wo n't stop the gaygenocide bravo to westhollywood https t co ol0lhabjgw sfsu uc,2
743465625691971590,sanfrancisco 's regressiveleft leaders wo n't stop the gaygenocide bravo to westhollywood https t co ol0lhabjgw sfsu ucb sanjose,2
743462820310847488,spot just opened up in del close marathon workshop with lydia hensler wednesday 7pm 10pm 6 22 16 https t co ulqgq1ffsb ucb,1
743454497779892224,spot just opened up in improv 101 with jeremy bent tuesdays 7 10pm https t co 5ameoolbhp ucb,1
743450634754498562,benefits of a handmade shampoo bar https t co dsxsdwg7yi blacktwitter houston atlanta chitown handmade ucb https t co ubtctphlfk,1
743446938352123905,rt lionsroarpromo this would have been epic but god knows best amp we are very connected staytuned 2 book ucb ucbbookings gmail com ht,0
743444139287711744,rt lionsroarpromo this would have been epic but god knows best amp we are very connected staytuned 2 book ucb ucbbookings gmail com ht,0
743444034472022016,this would have been epic but god knows best amp we are very connected staytuned 2 book ucb ucbbookings gmail com https t co vkkjmdy2vi,0
743440200467095552,spot just opened up in an intensive for improv 201 mon fri 9am 12pm https t co 7coh7xkv4u ucb,1
743395491241664512,women 's clothing 50 off or more on veromoda only ucb and more https t co c4z3k6xlns onlinedeals snapdeal https t co t3whsbomdx,2
743384304391094272,rt baapoffers ucb amazon fashion offer ucb clothing flat 80 off for men and women on amazon https t co h0pal3e3h1 ucb offer dea,1
743348282466799616,spot just opened up in an intensive for improv 201 mon fri 9am 12pm https t co 0ez5ood44f ucb,1
743318535607201792,spot just opened up in improv 101 with caroline cotter mondays 3 30 6 30pm https t co kxnnt94kgr ucb,1
743317046155325442,popping my ucb cage match cherry and i'm ever so exited ! semi,0
743314249812869120,rt baapoffers ucb amazon fashion offer ucb clothing flat 80 off for men and women on amazon https t co h0pal3e3h1 ucb offer dea,1
743313407877619712,rt baapoffers ucb amazon fashion offer ucb clothing flat 80 off for men and women on amazon https t co h0pal3e3h1 ucb offer dea,1
743312537077178369,ucb amazon fashion offer ucb clothing flat 80 off for men and women on amazon https t co h0pal3e3h1 ucb offer dealoftheday,1
743303661623742465,went to ucb chelsea amp got much needed laughs from michcoll she was amazing ! magicmichxxl,0
743258588626333697,rt h7n33n guncontrol is not enough stop muslim immigration new mosques https t co rixrpgsmkn jaredwyand sdsu sfsu uci ucb lg,1
743257109077204992,guncontrol is not enough stop muslim immigration new mosques https t co rixrpgsmkn jaredwyand sdsu sfsu uci ucb lgbtq orlando,1
743232973747687428,getting our laughs on \( and doing our homework \) nyc comedy ucb improv https t co 1ivken12ci,0
743228896305250304,it 'll all hit when i finally pick my classes ucb,0
743212986840547328,anyone have a link to the original ass pennies skit \? ucb,1
743200834670854146,berkeley crowdfunding applications are now being accepted for funding projects next fall https t co 1seofhzz2t phd entrepreneur ucb,1
743191446971383808,bsu crew uc berkeley 2016 summerfest staffappreciation ucb ucberkeley bsu blackpride https t co kgaammycsz,1
743188086067171332,spot just opened up in del close marathon workshop with lydia hensler wednesday 7pm 10pm 6 22 16 https t co ulqgq1ffsb ucb,1
743149607954288640,spot just opened up in improv 101 with johnna scrabis thursdays 7 10pm https t co atbb1hgp3b ucb,1
743141684951789568,ucb actor actingafool gradshow these fools are forever apart of my journey and it 's so https t co e97skpfgic,2
743141021970751488,rt alanroygbiv the conclusion slide from ucb medical health efpclinical cc pharmaphorum https t co zdzhtggwpf,0
743140628763131904,well that was fun ! ! ! ucb grad show ! i may be addicted actor actingafool comedy tragedy https t co droicnekhw,0
743135577206325248,rt janellebowden nice roadmap for how patients can be involved along the clinicaltrial continuum ucb efpclinical cc jacknunn https,0
743134774424805376,why does sjp boycott israel lgbt friend but not the 10 middle east states that murder lgbt \? sdsu sfsu ucb https t co srnv5jtdi7,1
743107429597106176,spot just opened up in improv elective with frank garcia hejl sunday 3 6pm https t co 1cmpppfg9f ucb,1
743102616809406464,spot just opened up in improv 401 with zack willis tuesdays 3 30 6 30pm https t co xevr30ao7y ucb,1
743074213188100096,nice roadmap for how patients can be involved along the clinicaltrial continuum ucb efpclinical cc jacknunn https t co drf8ce5rys,0
743036421901025280,rt eyeforpharma iris loew friedrich ucb on the desired culture shift do n't assume patients' needs efpclinical https t co chmu4okigg,1
743034217546780673,the conclusion slide from ucb medical health efpclinical cc pharmaphorum https t co zdzhtggwpf,1
743033841359683585,rt alanroygbiv the ucb health patientengagement roadmap slide at efpclinical https t co mx3kc8sb1t,0
743030968886431745,the ucb health patientengagement roadmap slide at efpclinical https t co mx3kc8sb1t,1
743030052032548864,iris loew friedrich ucb on the desired culture shift do n't assume patients' needs efpclinical https t co chmu4okigg,1
743028188176080896,iris loew friedrich ucb we need to change culture to ask what does this mean for patients efpclinical,1
742977550473953280,had my 101 grad show ucbtla ! hats off to one of my fave teachers benjaminjs for preparing us so well ! thosewhodowellteach improv ucb,0
742945230207524865,we did it ! our economic article ! redes ucb friends friendship investigation economy https t co nsh18y1nhi,1
742944937428287492,ucb live 3 20 16 aqua pt 1 https t co xjrv6z3vfh via youtube wdmv362 radio repeat ! they gettin' busy dmv ucb dccrankmusic,1
742842487904079872,tonight 's the night ! come check out our graduation show ucbtla on franklin 5pm 5 ucb la https t co qjpcjys2sy,1
742810111752601600,rt h7n33n minority of muslims are n't radical https t co k7izwy41wg ed demolay oberlin mizzou sdsu sfsu uci ucb upenn umich o,1
742809645044011008,rt h7n33n https t co ukked0ezsk why not focus your bsd on 10 countries where lgbt is punished by death \? bsdfail sdsu uindy uci s,2
742805371627012097,rt h7n33n sjp uindy iupui why boycott bsd israel when only islam does this \? sdsu uci sfsu ucb chicago oberlin https t co,1
742788189572595712,sjp uindy iupui why boycott bsd israel when only islam does this \? sdsu uci sfsu ucb chicago oberlin https t co jwjqwg4cmt,1
742783016414662658,spot just opened up in del close marathon workshop with marcy lane jarreau saturday 12pm 3pm 6 25 16 https t co au3d82kjsf ucb,1
742781333714403329,spot just opened up in improv 101 with natasha vaynblat thursdays 3 30 6 30pm https t co ulyykfxayc ucb,1
742751805394673664,https t co ukked0ezsk why not focus your bsd on 10 countries where lgbt is punished by death \? bsdfail sdsu uindy uci sfsu ucb iub,1
742737628013985792,rt alanroygbiv wow backpacks on rodents wearables clinicaltrials ucb efpclinical cc pharmaphorum https t co bhmfecrs4o,0
742736620315541505,minority of muslims are n't radical https t co k7izwy41wg ed demolay oberlin mizzou sdsu sfsu uci ucb upenn umich ohiostate ubc,1
742732627506008064,rt alanroygbiv wow backpacks on rodents wearables clinicaltrials ucb efpclinical cc pharmaphorum https t co bhmfecrs4o,0
742725827901706240,wow backpacks on rodents wearables clinicaltrials ucb efpclinical cc pharmaphorum https t co bhmfecrs4o,0
742723068330704896,jasper claes ucb on stage at efpclinical https t co ydmgwc5cx2,1
742709373273788416,spot just opened up in improv 410 with zack willis sundays 6 30 9 30pm https t co 8emvyxmc89 ucb,1
742667508403015680,rt b blunt new music ucb only one on soundcloud \? np https t co quvieagrva party with ucb live on june 8th at dirty martini ! wine,0
742667357689155584,new music ucb only one on soundcloud \? np https t co quvieagrva party with ucb live on june 8th at dirty martini ! winedinedance,0
742666949570613249,fashion lovers get united ! buy your favorite ucb stuff amp get wowdiscounts mywaysstore mywayscraze https t co ljbdtnezgc,0
742665714260180992,fashion lovers get united ! buy your favorite ucb stuff amp get wowdiscounts head straight to myways to avail https t co sjr8bfrd7v,0
742641002381336576,rt 1in20parkinsons morning all talking about living with parkinsons today with ucb news ucb https t co wxattdlwji,0
742633915660263424,rt 1in20parkinsons morning all talking about living with parkinsons today with ucb news ucb https t co wxattdlwji,0
742593512542199808,morning all talking about living with parkinsons today with ucb news ucb https t co wxattdlwji,1
742531632545009665,spot just opened up in sketch 301 with geoff garlock thursdays 7 10pm https t co 1pmmd5r7px ucb,1
742487817536688129,rt clasberkeley tinker foundation supports ucb student research in latin am cmadero sj describes his education project in chile http,1
742471093257129984,new music ucb only one on soundcloud \? np https t co quvieagrva party with ucb live on june 8th at dirty martini ! winedinedance,0
742460764011794432,spot just opened up in improv 101 with alex french mondays 7 10pm https t co aiubr61ysq ucb,1
742439671809085442,rt hellogiggles it 's almost time for another hg nyc ucb show ! ! come join us tonight if you 're in town ! https t co kw1ddw7sxl https,0
742418054072651776,spot just opened up in improv 101 with chelsea clarke tues and thurs 7 10pm https t co tboriqjqdg ucb,1
742408752649764864,it 's almost time for another hg nyc ucb show ! ! come join us tonight if you 're in town ! https t co kw1ddw7sxl https t co 5beqxux2bp,0
742408233575403520,we had a great time yesterday altontowers the wind blew my hood up ! i look like an alien haha loveit abst ucb https t co esl3rdusfu,0
742386437211979780,rt tylerdmk ucb disponnible sur youtube https t co hsnb1ezj9d,0
742369580560093185,spot just opened up in improv 101 with morgan grace jarrett fridays 12 3pm https t co prn9eclrqc ucb,1
742364976824909824,apprenticeship open day and ucbapprentice will be there see you there ucb apprenticeships https t co e5mxkkynmm,0
742361299103911936,had our graduation show today \( i'm at the top \) wooooo gonna miss these guys ! ucb https t co 9ovghof59e,0
742346233042214913,aptys consulting participating to saparibalive in madrid and supporting ucb for the sap best implementation award ! https t co bzant3gntp,0
742314326871179264,rt uptonclanboxing happy birthday martinupton1916 luv u brother sonnyuptonclan antouptonjr hitmanhatton pauly uptonclan ucb htt,0
742308288449118208,rt uptonclanboxing happy birthday martinupton1916 luv u brother sonnyuptonclan antouptonjr hitmanhatton pauly uptonclan ucb htt,0
742289887718739968,new music ucb only one on soundcloud \? np https t co quvieagrva party with ucb live on june 8th at dirty martini ! winedinedance,0
742205797988438017,just realized the astrological signs are game characters in improv put them in weird situations hilarity ucb https t co 35esfst9td,1
742160135821361152,the right wing campaign over the stanford university sexual assault case https t co pderjc3drq ucb ucsb sucla reedcollege,1
742108626614124544,new music ucb only one on soundcloud \? np https t co quvieagrva party with ucb live on june 8th at dirty martini ! winedinedance,0
742097357639176192,rt hellogiggles if you happen to be in ny tomorrow night you should definitely join us for the ucb show ! https t co lpbljglnm0 http,0
