743585820330844160,ucla rt best of luck to mackie mcdonald who announced today he was https t co fcncyxl6ap sportsroadhouse https t co vtiz2anozn,0
743585811627646976,welovela rt ucla best of luck to mackie mcdonald who announced today https t co ccwlo6az3h sportsroadhouse https t co hbl26xf93p,0
743585629418586112,rt realtwtfollower gain real twitter followers ig followers by visiting this promoted site https t co npafhx6jrj ucla wheniwasyoung,1
743585339508391936,as always super proud of my step father one of the wisest men i 've ever known ucla harvard https t co flfwvyd85w,0
743583874089779200,rt ucla recruiting two big time 2018 ucla targets https t co 8gjh8hmsmm,0
743583692732301312,rt edward lewis four star lb will ignont is looking to visit ucla twice in the coming months because of scott white 's efforts \( \) http,0
743581293145817088,rt gordonnbcla animalrights activist joins dozens more ucla today 2 protest narcotics testing on labanimals 5 45p nbc4la https,1
743580056115609601,rt realtwtfollower gain real twitter followers ig followers by visiting this promoted site https t co npafhx6jrj ucla wheniwasyoung,1
743578635064381440,rt dailybruin the ucla community gathered in bruin plaza to honor victims of the orlando mass shooting https t co dw2l7svoyl https,1
743578537181904896,rt ucla recruiting 79 days until ucla football,0
743577847214702592,rt realtwtfollower gain real twitter followers ig followers by visiting this promoted site https t co npafhx6jrj ucla wheniwasyoung,1
743577390324953089,good night bat amp full moon yoshikuni art artdaily ucla ink artsper museum https t co qxiufu6wgs,0
743576933523324929,rt ucla recruiting two big time 2018 ucla targets https t co 8gjh8hmsmm,0
743576290586923008,icomtrader item 44714 1989 scott miller ucla game used jersey size 46 goodman https t co gs2ka9chtc ucla basketball,1
743574744629379072,rt realtwtfollower gain real twitter followers ig followers by visiting this promoted site https t co npafhx6jrj ucla wheniwasyoung,1
743574699469381632,rt kendallrogersd1 feel like ucla head coach john savage is the leader in the clubhouse for the texas job but mainieri interest certai,1
743572258170380288,rt rivals 4 star rahyme johnson lands big offer from tamu could be competition for huskers ucla https t co rpa8kuozsc https t co,0
743572169540571137,welovela rt ucla today 's nationalmascotday ! retweet if you think followjoebruin and sportsroadhouse https t co mt9kir34fj,0
743572161210654720,ucla rt today 's nationalmascotday ! retweet if you think followjoebruin and uclajosie are the sportsroadhouse https t co bozprivsjo,0
743570705443225605,rt realkylecochran whyjumpwednesday ucla commit jaylen hands \( jhands08 \) throws it down at adidaseurocamp ballislife https t co,0
743570166294863872,ucla rt one step away from the bigs congrats papaplut23 ! gobruins https t co noy54mmto6 sportsroadhouse https t co bcvon1ev9e,0
743570157012824064,welovela rt ucla one step away from the bigs congrats papaplut23 ! https t co bihduvhnnw sportsroadhouse https t co s2khibpe4f,0
743570132539105280,two big time 2018 ucla targets https t co 8gjh8hmsmm,0
743568910146895873,ucla five ucla alumna named to olympic team https t co j3k58ajkmo sportsroadhouse,1
743568907433213952,ucla ucla legend bill walton takes a long strange trip to tucson \? https t co m1g12msj8v sportsroadhouse,1
743568903247269889,ucla mcdonald to turn professional https t co sobnfunevv sportsroadhouse,1
743568898193162241,welovela ucla five ucla alumna named to olympic team https t co h2yu11jqq8 sportsroadhouse,1
743568895173234688,welovela ucla ucla legend bill walton takes a long strange trip to tucson \? https t co pegg8cxaph sportsroadhouse,1
743568892245606400,welovela ucla mcdonald to turn professional https t co nv7uon0cm4 sportsroadhouse,1
743568879717253120,rt ucla cresst have you registered for this fall 's cresstcon16 yet \? gt gt gt https t co uwgrk0pjvh lt lt lt cresstcon uclacresst ucla https,1
743568798536589312,rt realtwtfollower gain real twitter followers ig followers by visiting this promoted site https t co npafhx6jrj ucla wheniwasyoung,1
743566988534906880,welovela rt ucla what do you do when waterpolocoachk names 5 bruins https t co tsrrdyiyex sportsroadhouse https t co tgqwb6ldk6,1
743566982415429632,ucla rt what do you do when waterpolocoachk names 5 bruins to https t co oib3igmeto sportsroadhouse https t co 8cullf20ew,1
743566564868272128,rt realtwtfollower gain real twitter followers ig followers by visiting this promoted site https t co npafhx6jrj ucla wheniwasyoung,1
743565238805606400,countdown 79 days until ucla football https t co qqlk0gdeif ucla,0
743564489551929346,rt realtwtfollower gain real twitter followers ig followers by visiting this promoted site https t co npafhx6jrj ucla wheniwasyoung,1
743564406840242176,rt 0iifieidtrash breaking ucla shooter identified as muhammad al jummah https t co dgh9zjllje,1
743563859844177921,rt uclasemelfriend child of undocumented parents who picked grapes each summer earned her medical degree from ucla https t co e8ddpee,1
743563056278429700,i love ucla in the summer ! https t co vsw2xgpsbh,0
743562466290970624,ucla wsu tied at 54 in overtime,1
743562197360582660,child of undocumented parents who picked grapes each summer earned her medical degree from ucla https t co e8ddpeefjc,1
743560821997965312,inspiring news from this tech and sustainability panel a ucla study found that people are more https t co iabmbeejqm,0
743557420828418052,rt footballrs winning takes talent to repeat takes character johnwooden ucla bruins quote,0
743557162773905408,rt chrispswanson cb verone mckinley iii has family in la and would consider ucla or usc if either offered https t co rdiqotz3nk http,1
743556798523662336,rt kendallrogersd1 feel like ucla head coach john savage is the leader in the clubhouse for the texas job but mainieri interest certai,1
743555992701526016,rt realtwtfollower gain real twitter followers ig followers by visiting this promoted site https t co npafhx6jrj ucla wheniwasyoung,1
743555467335639040,rt realtwtfollower gain real twitter followers ig followers by visiting this promoted site https t co npafhx6jrj ucla wheniwasyoung,1
743555416332902400,rt realtwtfollower gain real twitter followers ig followers by visiting this promoted site https t co npafhx6jrj ucla wheniwasyoung,1
743554853285277697,rt footballrs winning takes talent to repeat takes character johnwooden ucla bruins quote,0
743554791557705729,winning takes talent to repeat takes character johnwooden ucla bruins quote,0
743554619654057984,you would think that pandora would better tailor their ads country music ad on a station that is alt w some edm is odd music work ucla,1
743554612398030848,tbt javelin days at ucla got to meet some great throwers over the years and in chula vista https t co tb5g2pxx99,0
743553952650694656,rt uclainvents ucla new viral therapy shows promise for treating advanced brain cancer https t co bojanronyc techtransfer,0
743553544918269953,tbt to when brian was interviewed on knx radio alongside a financial aid officer at ucla ! we educated families https t co c5uhkefg2g,0
743553449699094528,rt octoomatic i swea i miss the guys ! ucla,0
743550175172407296,rt rivals 4 star rahyme johnson lands big offer from tamu could be competition for huskers ucla https t co rpa8kuozsc https t co,0
743549313192648704,rt octoomatic i swea i miss the guys ! ucla,0
743547585449889792,rt kendallrogersd1 feel like ucla head coach john savage is the leader in the clubhouse for the texas job but mainieri interest certai,1
743546245059219456,ucla rt tbt to june 1976 richard washington was selected third overall in the nba draft by sportsroadhouse https t co x7qexxdl4p,1
743546237484306433,rt rivals 4 star rahyme johnson lands big offer from tamu could be competition for huskers ucla https t co rpa8kuozsc https t co,0
743546200872226816,welovela rt ucla tbt to june 1976 richard washington was selected third overall in the nba sportsroadhouse https t co srzzhthx5z,1
743544981462212608,4 star rahyme johnson lands big offer from tamu could be competition for huskers ucla https t co rpa8kuozsc https t co el68ud6l4n,1
743544231952781313,rt realtwtfollower gain real twitter followers ig followers by visiting this promoted site https t co npafhx6jrj ucla wheniwasyoung,1
743543991631679488,rip jimmie white you were a great friend and an inspiration counseling thousands of students at ucla https t co z6noed9j74,0
743542733294342144,ucla rt take a look back at uclawomensvb and more in our 2015 16 year https t co nvueuhon34 sportsroadhouse https t co dx6dqzitep,1
743542719486664705,welovela rt ucla take a look back at uclawomensvb and more in our https t co 0qncl7n3mk sportsroadhouse https t co h3paakccqg,1
743541923353223169,rt octoomatic i swea i miss the guys ! ucla,0
743540970302517248,ucla giants draft pick paul perkins joins minicamp https t co alusezrssf sportsroadhouse,1
743540967152590848,ucla ucla softball coaching staff named best in nation https t co 2q5aleu8ck sportsroadhouse,0
743540953395298304,welovela ucla giants draft pick paul perkins joins minicamp https t co mifhn3hegj sportsroadhouse,1
743540949846921217,welovela ucla ucla softball coaching staff named best in nation https t co m6sfa2ouzx sportsroadhouse,0
743540949461008385,rt octoomatic i swea i miss the guys ! ucla,0
743540561831813120,i swea i miss the guys ! ucla,0
743539358951608320,rt h7n33n israel supports lgbt ! harvard princeton dartmouth oxford lse uklabour cheetojesus trumptrain orland ucla https t,0
743538841143828480,israel supports lgbt ! harvard princeton dartmouth oxford lse uklabour cheetojesus trumptrain orland ucla https t co eopubgsxnc,1
743537945492131841,ucla rt she ate the snow \? ! check out kennedy burke 's favoritememory from this last season ! sportsroadhouse https t co oamx098zlo,0
743537939448102912,welovela rt ucla she ate the snow \? ! check out kennedy burke 's favoritememory from this last sportsroadhouse https t co eorkkabqdf,1
743536280814772224,rt h7n33n taqiyya let 's you lie to me can read quran lgbt death trueislamusa ucsd ucla ucsb ucsc orlandoshooting https t co,2
743535761857908736,rt justballgloves support your team sport their colors available on justballgloves https t co nonr3mdool tamu florida ucla https,0
743535266992840704,taqiyya let 's you lie to me can read quran lgbt death trueislamusa ucsd ucla ucsb ucsc orlandoshooting https t co zjngggyxsc,2
743534564048572416,rt realtwtfollower gain real twitter followers ig followers by visiting this promoted site https t co npafhx6jrj ucla wheniwasyoung,1
743534178617204736,rt justballgloves support your team sport their colors available on justballgloves https t co nonr3mdool tamu florida ucla https,0
743533619105382404,periodontal surgery and ucla powerpoint slide https t co rswwbztemb ppt periodontal surgery and ucla,1
743533374078230528,rt edward lewis four star wr tarik black really really really likes ucla \( \) https t co o0864sw1ya,0
743533040840806400,rt chellabellaxo best of luck to you out at ucla i hope to hear only great things from you ! https t co 4dzmommhvc,0
743530881369808896,rt realtwtfollower gain real twitter followers ig followers by visiting this promoted site https t co npafhx6jrj ucla wheniwasyoung,1
743530061530226690,four star wr tarik black really really really likes ucla \( \) https t co o0864sw1ya,0
743529608708947968,rt consulgeneralla italian architect dianefavro recreated imperial rome in 3d https t co jd3rx7g2tu via italo americano ucla http,0
743529247919185920,internet born between ucla and stanford collaboration in 1969 as arpanet and tcp ip followed 5 yrs later jamyn sternnmm datafloq com,1
743528438930124800,rt ucla recruiting 79 days until ucla football,0
743527547560857601,rt edward lewis four star lb will ignont is looking to visit ucla twice in the coming months because of scott white 's efforts \( \) http,0
743527333936541697,rt ucla recruiting 79 days until ucla football,0
743527221084598272,rt ucla recruiting 79 days until ucla football,0
743527110027808768,rt ucla recruiting 79 days until ucla football,0
743526523190321157,ucla professor congress should secretly suspend second amendment guncontrol shootback https t co tufcnhmiwg https t co 4srpviqros,1
743526349323669504,rt thucnhi21 ucla links on blog lonzo ball making ucla basketball fun again kenny clark was on campus during the shooting https t co,0
743526335784484865,rt uclasemelfriend ucla prof pediatrics comments on australian letting baby 'cry it out' wo n't cause damage https t co nvofulw4ng,2
743525684971208704,peace love curry duck roti lots n lots of hot peppersauce oxford cambridge ucla i think i will have cake and tea later salam p,0
743524699888508928,rt ucla recruiting 79 days until ucla football,0
743524343607529472,welovela rt ucla there s johnathan ogden days left til the 2016 https t co 7r4moyowzk sportsroadhouse https t co nhkbosh3ue,0
