743557162773905408,rt chrispswanson cb verone mckinley iii has family in la and would consider ucla or usc if either offered https t co rdiqotz3nk http,1
743556184397881344,rt rivalsfriedman rivals100 chase young talks favorites amp 3 visits https t co 3ooh2pypgp terps osu bama michigan msu usc vt htt,0
743553363912974336,welovela rt usc fighton last year the trojanfamily turned https t co qankaxbzq0 sportsroadhouse https t co i9jnenqtbz,1
743553356883365889,usc fighton rt last year the trojanfamily turned thegalencenter https t co 7xxxqb8zhx sportsroadhouse https t co clxm0h561n,1
743551426018738176,rt insideusc usc picture of the day that 's o j simpson 's friend al cowlings \( 72 \) making tackle against oregon state in 1968 https,1
743550918545780736,nfl draft scouting report on usc wr juju smith schuster https t co cmeo5yrcky,1
743550330705743872,rt reignoftroy usc all american defensive lineman and master of the qb pursuit al cowlings turns 69 today https t co xqusefs6kl,1
743549961585860608,rt adamjmaya news amp notes from usc including latest on personnel usage an injury update https t co r7vwlxctfg https t co dq0ylyi,0
743548688736260096,rt insideusc usc picture of the day that 's o j simpson 's friend al cowlings \( 72 \) making tackle against oregon state in 1968 https,1
743545234517336064,rt phenom hoops 2018 thebabc pg 1click just heard from rutgers ecu amp usc,1
743545170612781057,rt michaelcastfs new podcast ! penguinoftroy discuss lots of usc things including why 29 is the worst jersey number in sports https,0
743544462123511809,usc fighton trojan upside creates optimism and more usc football news https t co r5olldpbfb sportsroadhouse,1
743543746118057985,simple and profound fighton usc https t co huth6exdkm,1
743543702187048960,we are almost full for fall ! come by to see what we have available ! uoaks usc https t co vy4eacyyq1,0
743543088828776454,la daily news scott wolf inside usc usc picture of the day https t co 9sevnpmz7l usc trojans,1
743543070323519488,la daily news scott wolf inside usc usc picture of the day https t co tk4yyospkl usc trojans,1
743541211554709504,rt usctrojansfo freshmen numbers jamel cook is no 31 jordan iosefa is no 48 frank martin is no 65 e j price is no 75 trevon sidney,1
743541128125767681,usc picture of the day that 's o j simpson 's friend al cowlings \( 72 \) making tackle against oregon state in 1968 https t co eshkk3e0ji,1
743540697156960256,usc picture of the day https t co hhatsn0rvw usc,1
743539683976581120,usc fighton rt nothing says college football like traveler on game day happy sportsroadhouse https t co ii7xyhotdf,0
743539680562417665,usc tweets nothing says college football like traveler on game day happy nationalmascotday ! fighton https t co jpv5qmvxdr,0
743539675978096640,welovela rt usc fighton nothing says college football like traveler on game day happy nationalmascotday ! sportsroadhouse,0
743538270835924993,rt h7n33n sjp iupui uindy would destroy lgbt friendly israel sdsu sfsu uci mit usc umich umass yale unccunion https t co,0
743538207740989442,sjp iupui uindy would destroy lgbt friendly israel sdsu sfsu uci mit usc umich umass yale unccunion https t co eaz18wdiko,1
743537168275091456,rt usc gym now taking bookings for 1on1 training become a machine inspiration usc uscnutrition https t co vgijujce8w,0
743537060003352578,rt usc gym now taking bookings for 1on1 training become a machine inspiration usc uscnutrition https t co vgijujce8w,0
743536811037732864,now taking bookings for 1on1 training become a machine inspiration usc uscnutrition https t co vgijujce8w,1
743533656174534657,usc trojans the ripsit blog men 's basketball season tickets https t co xgdytmet6l usc trojans,1
743532496831287296,fansided reign of troy usc football recruiting 4 star te tyler johnson names top 14 https t co z4saimnic3 usc trojans,0
743529735209246720,rt phenom hoops 2018 thebabc pg 1click just heard from rutgers ecu amp usc,1
743529632964710401,rt robbie oneal10 let 's catch these dubs today dubs usc,0
743528861661601793,rt ryanbartow usc is back at mceachern w their latest offer https t co bogdzccikw fighton247 kippladams cjmakesplays edogawd,1
743528171979440128,rt mikeerickson kathleenusc enjoy the pending weekend gonna be hot ! usc fighton,0
743527731107770369,rt reignoftroy 4 star te tyler johnson names usc in his top 14 https t co auhshwcyrn,0
743527509275320320,rt phenom hoops 2018 thebabc pg 1click just heard from rutgers ecu amp usc,1
743527274658422784,4 star te tyler johnson names usc in his top 14 https t co auhshwcyrn,0
743527070630764544,kathleenusc enjoy the pending weekend gonna be hot ! usc fighton,0
743526594346528768,that 's usc art fighton https t co jrxzukzbxg,1
743526173427142658,big update as jordan williams tells us his leader cuts list to 4 more hokies clemson vols uva buckeyes usc https t co iy2fc6cw9o,1
743525615194640385,fighton tony b looking and sounding great usc https t co njsdggpxgg,0
743522269457113088,footnotes \( 6 16 \) https t co ploslzttj7 https t co 7w66fydqhb usc,0
743520593463607297,rt ryanbartow usc is back at mceachern w their latest offer https t co bogdzccikw fighton247 kippladams cjmakesplays edogawd,1
743520206392295424,rt phenom hoops 2018 thebabc pg 1click just heard from rutgers ecu amp usc,1
743519926292459520,rt frampcamp cooked up something for my db kids jack jones usc and chandler hawkins sanjosestate https t co amoyebw9ju,0
743519794473930752,rt frampcamp cooked up something for my db kids jack jones usc and chandler hawkins sanjosestate https t co amoyebw9ju,0
743519222731415553,my god usc has some phenomenal nfl alumni https t co lfhlab7fho,1
743517251781824512,new podcast ! talking all things usc including new commitments new jersey numbers heisman buzz etc https t co r0cenlbouz,0
743514019437305857,usc fighton usc football podcast reign of troy radio episode 139 https t co u2rwbllhzt sportsroadhouse,1
743513948306055171,rt insidetroy max browne and sam darnold got the majority of the reps as the team ran 7 on 7 and 11 on 11 drills usc,1
743513854265561088,rt adamjmaya news amp notes from usc including latest on personnel usage an injury update https t co r7vwlxctfg https t co dq0ylyi,0
743513707725000706,rt reignoftroy call it talent call it upside usc has reason to be optimistic plus your daily dose of trojan news from the web https,1
743513705426497536,rt insidetroy no new freshmen at the usc summer workout this morning expect to see new faces on tuesday after summer school begins,0
743513683360288769,rt chrispswanson highlights from this morning 's workout at usc featuring some impressive defensive plays https t co mkj5b6bwwb https,1
743513537973149696,rt reignoftroy usc all american defensive lineman and master of the qb pursuit al cowlings turns 69 today https t co xqusefs6kl,1
743513456356245504,rt ryanbartow one of miami 's biggest commits to visit usc next week https t co irwtwowrxd fighton247 davidlake3,0
743513429831454720,rt reignoftroy usc all american defensive lineman and master of the qb pursuit al cowlings turns 69 today https t co xqusefs6kl,1
743512175176736768,rt phenom hoops 2018 thebabc pg 1click just heard from rutgers ecu amp usc,1
743512073636810752,2018 thebabc pg 1click just heard from rutgers ecu amp usc,1
743511359950721024,throwbackthursday to the beautiful cast of breath boom ! i love and miss your inspiring hearts usc theatre la https t co 2lyjkxdwfw,0
743511173719437312,call it talent call it upside usc has reason to be optimistic plus your daily dose of trojan news from the web https t co izbrhsjual,1
743510341255041025,fansided reign of troy trojan upside creates optimism and more usc football news https t co vv6nfh62le usc trojans,1
743510256454537217,welovela rt usc fighton plenty of hall of famers to choose from what do you think \? who https t co rbcqmhyqkw sportsroadhouse,1
743510248695046144,usc tweets plenty of hall of famers to choose from what do you think \? who makes your https t co wuiq5sqnvv https t co jpv5qmvxdr,1
743509862634512385,music study speeds brain development in children usc study shows https t co jru1zld0cl via kpcc,1
743509852648005632,no oj \? shocker ! usc uscfootball https t co lj306p6pyb,1
743509760545198080,usc fighton rt plenty of hall of famers to choose from what do you https t co saq6ylmqy9 sportsroadhouse https t co lf10grbnau,1
743507413723029504,rt reignoftroy usc all american defensive lineman and master of the qb pursuit al cowlings turns 69 today https t co xqusefs6kl,1
743506832413581312,rt reignoftroy usc all american defensive lineman and master of the qb pursuit al cowlings turns 69 today https t co xqusefs6kl,1
743505623963185152,rt insidetroy watch usc rb commit stephen carr \( yt deon \) breaking ankles today at the passingdown tournament sportsrecruits https,0
743505127311577088,rt rivalsfriedman rivals100 chase young talks favorites amp 3 visits https t co 3ooh2pypgp terps osu bama michigan msu usc vt htt,0
743504802567467008,rt reignoftroy usc all american defensive lineman and master of the qb pursuit al cowlings turns 69 today https t co xqusefs6kl,1
743504698972352513,usc all american defensive lineman and master of the qb pursuit al cowlings turns 69 today https t co xqusefs6kl,1
743502066581069824,throwbackthursday to some awesome usc lacrosse action more photos https t co psymumperu https t co saa6hgpmfr,0
743500616874360832,rt chrispswanson highlights from this morning 's workout at usc featuring some impressive defensive plays https t co mkj5b6bwwb https,1
743499914433409024,prospect preview on usc wr juju smith schuster a potential top 20 pick and top rated wr https t co odrkfw9jjn,0
743499879972929537,rt usc rivals news amp notes from usc including latest on personnel usage an injury update https t co bcfrb6ybhx https t co i1tb1c,1
743499865724878848,rt adamjmaya news amp notes from usc including latest on personnel usage an injury update https t co r7vwlxctfg https t co dq0ylyi,0
743499426203860992,a usc story right from a bond movie hear the tale of rocket scientist bogdan marcu mars https t co 4bvtwvdssp https t co qxzmxzi1ar,1
743498456459808768,rt rivalsfriedman rivals100 chase young talks favorites amp 3 visits https t co 3ooh2pypgp terps osu bama michigan msu usc vt htt,0
743497768094806016,scoops on usc wr db ajene harris qb wr jalen greene and te daniel imatorbhebhe https t co oza1wusrxn,1
743497078928617472,rt bamamag bama and usc in the same qb boat at this point https t co mwv8byhs5h,1
743496892647014400,rt ejholland247 rising 2018 dallas skyline cb dayven coleman \( roads2greatness \) will be at the los angeles smsb camp today and the usc c,0
743496823478882305,rt rivalsfriedman rivals100 chase young talks favorites amp 3 visits https t co 3ooh2pypgp terps osu bama michigan msu usc vt htt,0
743496408016224256,bama and usc in the same qb boat at this point https t co mwv8byhs5h,1
743496395974311936,rt chrispswanson highlights from this morning 's workout at usc featuring some impressive defensive plays https t co mkj5b6bwwb https,1
743496334007799808,rt bamamag make that next week for leatherwood at usc https t co dzifqs7ovk gmartlive insidetroy https t co tkza8gjm4q,0
743496219335352320,highlights from this morning 's workout at usc featuring some impressive defensive plays https t co mkj5b6bwwb https t co kobabwnqz5,1
743495659697774592,rt ryanbartow one of miami 's biggest commits to visit usc next week https t co irwtwowrxd fighton247 davidlake3,0
743495577409716224,rt ryanbartow one of miami 's biggest commits to visit usc next week https t co irwtwowrxd fighton247 davidlake3,0
743495560871567360,rt ryanbartow one of miami 's biggest commits to visit usc next week https t co irwtwowrxd fighton247 davidlake3,0
743495557231054848,rt bamamag make that next week for leatherwood at usc https t co dzifqs7ovk gmartlive insidetroy https t co tkza8gjm4q,0
743495447482875904,make that next week for leatherwood at usc https t co dzifqs7ovk gmartlive insidetroy https t co tkza8gjm4q,1
743495356034351105,news amp notes from usc including latest on personnel usage an injury update https t co bcfrb6ybhx https t co i1tb1cmrnt,1
743495355988217856,news amp notes from usc including latest on personnel usage an injury update https t co r7vwlxctfg https t co dq0ylyisbx,1
743495087108165632,rt insideusc adoree jackson is among those on the pac 12 edition cover of phil steele 's college football preview magazine usc https t,0
743495021983305729,rt bamamag scout100 bama ol commitment alex leatherwood checking out usc next month https t co dzifqs7ovk gmartlive https t co,0
743494979327303680,scout100 bama ol commitment alex leatherwood checking out usc next month https t co dzifqs7ovk gmartlive https t co bhe0atcz5t,0
743494428531122177,today i get the chance to ball in front of my favorite school usc i'm finna work,0
743493918608736257,rt ryanbartow one of miami 's biggest commits to visit usc next week https t co irwtwowrxd fighton247 davidlake3,0
743493744171814912,rt rivalsfriedman rivals100 chase young talks favorites amp 3 visits https t co 3ooh2pypgp terps osu bama michigan msu usc vt htt,0
