750567434441097216,rt friendscongress here is the yale effect in textile ministry after smriti arrival her ministry will generate jobs for all planets h,0
750565836193226753,rt friendscongress here is the yale effect in textile ministry after smriti arrival her ministry will generate jobs for all planets h,0
750564483353939969,rt asif iqbal say yale again say yale again i dare you i double dare you yosmritisocertified http t co ino3jsyblx,1
750559885264322560,rt friendscongress here is the yale effect in textile ministry after smriti arrival her ministry will generate jobs for all planets h,0
750558799681953793,rt friendscongress here is the yale effect in textile ministry after smriti arrival her ministry will generate jobs for all planets h,0
750557526127706114,rt iyc ambala byebyesmriti hrd ministry saved modi bluffed her with the big words that you are now going to make the fabrics of india,1
750556367858044928,rt icongwala byebyesmriti hrd ministry saved modi bluffed her with the big words that you are now going to make the fabrics of india y,1
750555705040601088,rt icongwala byebyesmriti hrd ministry saved modi bluffed her with the big words that you are now going to make the fabrics of india y,1
750554837167775744,rt chahal iyc byebyesmriti hrd ministry saved modi bluffed her with the big words that you are now going to make the fabrics of india,1
750551624628707328,rt shubhamdagar byebyesmriti hrd ministry saved modi bluffed her with the big words that you are now going to make the fabrics of indi,1
750551361469677569,fact she does n't go here was used in gilmoregirls before meangirls ! lane yale,1
750549981099126784,rt iyc ambala byebyesmriti hrd ministry saved modi bluffed her with the big words that you are now going to make the fabrics of india,1
750549155110645760,rt iyc ambala byebyesmriti hrd ministry saved modi bluffed her with the big words that you are now going to make the fabrics of india,1
750548951619829766,rt friendscongress here is the yale effect in textile ministry after smriti arrival her ministry will generate jobs for all planets h,0
750546641246117888,rt swachhpolitics smriti irani removed from hrd to textiles replaced by prakashjavdekar who must take yale degree from her for hrd e,2
750543698497269761,fool me once shame on shame on you fool me twice you ca n't get fooled again presidents yale,1
750539860637868032,rt iyc ambala byebyesmriti hrd ministry saved modi bluffed her with the big words that you are now going to make the fabrics of india,1
750539670447095808,rt friendscongress here is the yale effect in textile ministry after smriti arrival her ministry will generate jobs for all planets h,0
750538317679165442,rt iyc ambala byebyesmriti hrd ministry saved modi bluffed her with the big words that you are now going to make the fabrics of india,1
750537546850074624,rt shubhamdagar byebyesmriti hrd ministry saved modi bluffed her with the big words that you are now going to make the fabrics of indi,1
750537009421230082,here is the yale effect in textile ministry after smriti arrival her ministry will generate jobs for all planets https t co n6bdmgofl5,1
750536140004925440,rt chahal iyc byebyesmriti hrd ministry saved modi bluffed her with the big words that you are now going to make the fabrics of india,1
750536137920262144,rt shubhamdagar byebyesmriti hrd ministry saved modi bluffed her with the big words that you are now going to make the fabrics of indi,1
750535556237590532,rt iyc ambala byebyesmriti hrd ministry saved modi bluffed her with the big words that you are now going to make the fabrics of india,1
750535444320776192,rt icongwala byebyesmriti hrd ministry saved modi bluffed her with the big words that you are now going to make the fabrics of india y,1
750535030531821568,rt icongwala byebyesmriti hrd ministry saved modi bluffed her with the big words that you are now going to make the fabrics of india y,1
750533913198682113,rt friendscongress finally smritiirani judged by her work yale graduate fails india,0
750533501955534849,rt shubhamdagar byebyesmriti hrd ministry saved modi bluffed her with the big words that you are now going to make the fabrics of indi,1
750532855890083840,rt chahal iyc byebyesmriti hrd ministry saved modi bluffed her with the big words that you are now going to make the fabrics of india,1
750523377249583104,rt friendscongress finally smritiirani judged by her work yale graduate fails india,0
750521058244059136,rt iyc ambala byebyesmriti hrd ministry saved modi bluffed her with the big words that you are now going to make the fabrics of india,1
750520993039331329,rt friendscongress finally smritiirani judged by her work yale graduate fails india,0
750520005457051648,byebyesmriti hrd ministry saved modi bluffed her with the big words that you are now going to make the fabrics of india yale,1
750519020139454464,rt tarunpant14 byebyesmriti hrd ministry saved modi bluffed her with the big words that you are now going to make the fabrics of india,1
750518976040411136,byebyesmriti hrd ministry saved modi bluffed her with the big words that you are now going to make the fabrics of india yale,1
750518650092785664,rt chahal iyc byebyesmriti hrd ministry saved modi bluffed her with the big words that you are now going to make the fabrics of india,1
750518508765741056,rt icongwala byebyesmriti hrd ministry saved modi bluffed her with the big words that you are now going to make the fabrics of india y,1
750518179739398145,byebyesmriti hrd ministry saved modi bluffed her with the big words that you are now going to make the fabrics of india yale,1
750518074739134469,rt iyc ambala byebyesmriti hrd ministry saved modi bluffed her with the big words that you are now going to make the fabrics of india,1
750517748082483200,rt iyc ambala byebyesmriti hrd ministry saved modi bluffed her with the big words that you are now going to make the fabrics of india,1
750517319462445057,listen if your not using podcasts your very far behind i just listened 2 gloriasteinem give a lecture on feminism at yale this is genius,0
750517290295173120,rt iyc ambala byebyesmriti hrd ministry saved modi bluffed her with the big words that you are now going to make the fabrics of india,1
750515989196869632,rt iyc ambala byebyesmriti hrd ministry saved modi bluffed her with the big words that you are now going to make the fabrics of india,1
750515023500288000,rt chahal iyc byebyesmriti hrd ministry saved modi bluffed her with the big words that you are now going to make the fabrics of india,1
750513410815569920,rt friendscongress finally smritiirani judged by her work yale graduate fails india,0
750512406493696000,rt chahal iyc byebyesmriti hrd ministry saved modi bluffed her with the big words that you are now going to make the fabrics of india,1
750512400680398849,rt iyc ambala byebyesmriti hrd ministry saved modi bluffed her with the big words that you are now going to make the fabrics of india,1
750512302219079680,rt chahal iyc byebyesmriti hrd ministry saved modi bluffed her with the big words that you are now going to make the fabrics of india,1
750512068642545664,byebyesmriti hrd ministry saved modi bluffed her with the big words that you are now going to make the fabrics of india yale,1
750511972966359040,byebyesmriti hrd ministry saved modi bluffed her with the big words that you are now going to make the fabrics of india yale,1
750509599715885056,finally smritiirani judged by her work yale graduate fails india,1
750499710616690689,rt sportzedge yale hockey releases full 2016 17 schedule \( and it 's pretty sweet \) https t co cmijdobhno yale https t co uyn8a7wscb,0
750499620875304960,yale hockey releases full 2016 17 schedule \( and it 's pretty sweet \) https t co cmijdobhno yale https t co uyn8a7wscb,0
750495071435448320,rt yale forklifts yale genuineparts we have the parts you need when and where you want them https t co cka1ocmrjo euro2016 https,1
750491917624881152,smriti irani removed from hrd to textiles replaced by prakashjavdekar who must take yale degree from her for hrd eligibility,1
750491459237842944,rt icongwala byebyesmriti hrd ministry saved modi bluffed her with the big words that you are now going to make the fabrics of india y,1
750485949633757184,rt bergenptk you're invited ! bcc will be going to yale for day of service sign up now https t co tct1tssddj bergenvisitsyale https,0
750481039924006912,do as i say not as i do via freethoughtblog https t co baknkp7arn thomaspogge yale yale pogge,1
