User ID,,,,
_ChainGangRick,1,,,
_ChainGangRick,1,,,
_ChainGangRick,1,,,
_ChainGangRick,1,,,
_ChainGangRick,1,,,
_ChainGangRick,1,,,
_ChainGangRick,1,,,
_ChainGangRick,1,,,
_ChainGangRick,1,,,
_ChainGangRick,1,,,
_ChainGangRick,1,,,
_ChainGangRick,1,,,
_ChainGangRick,1,,,
_ChainGangRick,1,,,
_ChainGangRick,1,,,
_ChainGangRick,1,,,
_ChainGangRick,1,,,
_ChainGangRick,1,,,
_ChainGangRick,1,,,
_ChainGangRick,1,,,
_ChainGangRick,1,,,
_cindyyyle,1,,,
_cindyyyle,1,,,
_cindyyyle,1,,,
_cindyyyle,1,,,
_cindyyyle,1,,,
_cindyyyle,1,,,
_cindyyyle,1,,,
_cindyyyle,1,,,
_cindyyyle,1,,,
_cindyyyle,1,,,
_cindyyyle,1,,,
_cindyyyle,1,,,
_cindyyyle,1,,,
_cindyyyle,1,,,
_nicolenaranjo,1,,,
_nicolenaranjo,1,,,
_nicolenaranjo,1,,,
_nicolenaranjo,1,,,
_nicolenaranjo,1,,,
_nicolenaranjo,1,,,
_nicolenaranjo,1,,,
_nicolenaranjo,1,,,
_nicolenaranjo,1,,,
_nicolenaranjo,1,,,
_nicolenaranjo,1,,,
_nicolenaranjo,1,,,
_nicolenaranjo,1,,,
_nicolenaranjo,1,,,
_nicolenaranjo,1,,,
_nicolenaranjo,1,,,
_nicolenaranjo,1,,,
_nicolenaranjo,1,,,
_nicolenaranjo,1,,,
_nicolenaranjo,1,,,
_nicolenaranjo,1,,,
_nicolenaranjo,1,,,
_nicolenaranjo,1,,,
_nicolenaranjo,1,,,
_nicolenaranjo,1,,,
_nicolenaranjo,1,,,
_nicolenaranjo,1,,,
_nicolenaranjo,1,,,
_nicolenaranjo,1,,,
_nicolenaranjo,1,,,
_nicolenaranjo,1,,,
_nicolenaranjo,1,,,
_nicolenaranjo,1,,,
_nicolenaranjo,1,,,
_nicolenaranjo,1,,,
_nicolenaranjo,1,,,
_nicolenaranjo,1,,,
_nicolenaranjo,1,,,
_nicolenaranjo,1,,,
5seconds0fnikki,1,,,
5seconds0fnikki,1,,,
5seconds0fnikki,1,,,
5seconds0fnikki,1,,,
5seconds0fnikki,1,,,
5seconds0fnikki,1,,,
5seconds0fnikki,1,,,
5seconds0fnikki,1,,,
5seconds0fnikki,1,,,
5seconds0fnikki,1,,,
aileensan_,1,,,
allisonjae_,1,,,
allisonjae_,1,,,
allisonjae_,1,,,
allisonjae_,1,,,
allisonjae_,1,,,
allisonjae_,1,,,
allisonjae_,1,,,
allisonjae_,1,,,
allisonjae_,1,,,
allisonjae_,1,,,
allisonjae_,1,,,
allisonjae_,1,,,
allisonjae_,1,,,
allisonjae_,1,,,
allisonjae_,1,,,
allisonjae_,1,,,
allisonjae_,1,,,
allisonjae_,1,,,
allisonjae_,1,,,
allisonjae_,1,,,
allisonjae_,1,,,
allisonjae_,1,,,
allisonjae_,1,,,
allisonjae_,1,,,
allisonjae_,1,,,
allisonjae_,1,,,
allisonjae_,1,,,
AlohaMejia,1,,,
AlohaMejia,1,,,
AlohaMejia,1,,,
AlohaMejia,1,,,
AlohaMejia,1,,,
AlohaMejia,1,,,
AlohaMejia,1,,,
AlohaMejia,1,,,
AlohaMejia,1,,,
AlohaMejia,1,,,
AlohaMejia,1,,,
AlohaMejia,1,,,
AlohaMejia,1,,,
AlohaMejia,1,,,
AlohaMejia,1,,,
AlohaMejia,1,,,
AlohaMejia,1,,,
AlohaMejia,1,,,
AlohaMejia,1,,,
AlohaMejia,1,,,
alter_zachary,1,,,
alter_zachary,1,,,
alter_zachary,1,,,
amqtran,1,,,
amqtran,1,,,
amqtran,1,,,
amqtran,1,,,
Anderewws,1,,,
Anderewws,1,,,
Anderewws,1,,,
Anderewws,1,,,
AndrewKnapp13,1,,,
AndrewKnapp13,1,,,
AndrewKnapp13,1,,,
AndrewKnapp13,1,,,
angelaa_trannn,1,,,
angelaa_trannn,1,,,
angelaa_trannn,1,,,
angelaa_trannn,1,,,
angelaa_trannn,1,,,
angelaa_trannn,1,,,
arifineee,1,,,
arifineee,1,,,
Ayojunior4,1,,,
Ayojunior4,1,,,
Ayojunior4,1,,,
Ayojunior4,1,,,
Ayojunior4,1,,,
azulitaa_02,1,,,
azulitaa_02,1,,,
azulitaa_02,1,,,
azulitaa_02,1,,,
azulitaa_02,1,,,
azulitaa_02,1,,,
azulitaa_02,1,,,
azulitaa_02,1,,,
azulitaa_02,1,,,
azulitaa_02,1,,,
azulitaa_02,1,,,
azulitaa_02,1,,,
azulitaa_02,1,,,
azulitaa_02,1,,,
azulitaa_02,1,,,
azulitaa_02,1,,,
azulitaa_02,1,,,
azulitaa_02,1,,,
azulitaa_02,1,,,
azulitaa_02,1,,,
azulitaa_02,1,,,
azulitaa_02,1,,,
azulitaa_02,1,,,
azulitaa_02,1,,,
azulitaa_02,1,,,
azulitaa_02,1,,,
azulitaa_02,1,,,
azulitaa_02,1,,,
azulitaa_02,1,,,
BeckyBeaar,1,,,
BeckyBeaar,1,,,
BeckyBeaar,1,,,
BeckyBeaar,1,,,
BeckyBeaar,1,,,
BeckyBeaar,1,,,
BeckyBeaar,1,,,
BeckyBeaar,1,,,
BeckyBeaar,1,,,
BeckyBeaar,1,,,
BeckyBeaar,1,,,
BeckyBeaar,1,,,
BeckyBeaar,1,,,
BeckyBeaar,1,,,
BeckyBeaar,1,,,
BeckyBeaar,1,,,
BeckyBeaar,1,,,
BeckyBeaar,1,,,
BeckyBeaar,1,,,
BeckyBeaar,1,,,
BeckyBeaar,1,,,
BeckyBeaar,1,,,
BeckyBeaar,1,,,
BeckyBeaar,1,,,
BeckyBeaar,1,,,
BeckyBeaar,1,,,
BeckyBeaar,1,,,
BeckyBeaar,1,,,
BeckyBeaar,1,,,
BeckyBeaar,1,,,
BeckyBeaar,1,,,
BeckyBeaar,1,,,
BeckyBeaar,1,,,
BeckyBeaar,1,,,
BeckyBeaar,1,,,
BeckyBeaar,1,,,
BeckyBeaar,1,,,
BeckyBeaar,1,,,
BeckyBeaar,1,,,
BeckyBeaar,1,,,
BeckyBeaar,1,,,
BeckyBeaar,1,,,
BeckyBeaar,1,,,
BeckyBeaar,1,,,
BeckyBeaar,1,,,
BeckyBeaar,1,,,
BeckyBeaar,1,,,
BeckyBeaar,1,,,
BeckyBeaar,1,,,
BeckyBeaar,1,,,
BeckyBeaar,1,,,
BeckyBeaar,1,,,
BeckyBeaar,1,,,
BeckyBeaar,1,,,
BeckyBeaar,1,,,
BeckyBeaar,1,,,
BeckyBeaar,1,,,
BeckyBeaar,1,,,
BeckyBeaar,1,,,
BeckyBeaar,1,,,
BeckyBeaar,1,,,
BeckyBeaar,1,,,
BeckyBeaar,1,,,
BeckyBeaar,1,,,
BeckyBeaar,1,,,
BeckyBeaar,1,,,
BeckyBeaar,1,,,
BeckyBeaar,1,,,
BeckyBeaar,1,,,
BeckyBeaar,1,,,
BeckyBeaar,1,,,
BeckyBeaar,1,,,
BeckyBeaar,1,,,
BeckyBeaar,1,,,
BeckyBeaar,1,,,
BeckyBeaar,1,,,
BeckyBeaar,1,,,
BeckyBeaar,1,,,
BeckyBeaar,1,,,
BeckyBeaar,1,,,
BeckyBeaar,1,,,
BeckyBeaar,1,,,
BeckyBeaar,1,,,
BeckyBeaar,1,,,
BeckyBeaar,1,,,
BeckyBeaar,1,,,
BeckyBeaar,1,,,
BeckyBeaar,1,,,
BeckyBeaar,1,,,
BeckyBeaar,1,,,
BeckyBeaar,1,,,
BeckyBeaar,1,,,
BeckyBeaar,1,,,
BeckyBeaar,1,,,
BeckyBeaar,1,,,
BeckyBeaar,1,,,
BeckyBeaar,1,,,
BeckyBeaar,1,,,
BeckyBeaar,1,,,
BeckyBeaar,1,,,
BeckyBeaar,1,,,
BeckyBeaar,1,,,
BeckyBeaar,1,,,
BeckyBeaar,1,,,
BeckyBeaar,1,,,
BeckyBeaar,1,,,
BeckyBeaar,1,,,
BeckyBeaar,1,,,
BeckyBeaar,1,,,
BeckyBeaar,1,,,
BeckyBeaar,1,,,
BeckyBeaar,1,,,
BeckyBeaar,1,,,
BeckyBeaar,1,,,
BeckyBeaar,1,,,
BeckyBeaar,1,,,
BeckyBeaar,1,,,
BeckyBeaar,1,,,
BeckyBeaar,1,,,
BeckyBeaar,1,,,
BeckyBeaar,1,,,
BeckyBeaar,1,,,
BeckyBeaar,1,,,
BeckyBeaar,1,,,
BeckyBeaar,1,,,
BeckyBeaar,1,,,
BeckyBeaar,1,,,
BeckyBeaar,1,,,
BeckyBeaar,1,,,
BeckyBeaar,1,,,
BeckyBeaar,1,,,
BeckyBeaar,1,,,
BeckyBeaar,1,,,
BeckyBeaar,1,,,
BeckyBeaar,1,,,
BeckyBeaar,1,,,
BeckyBeaar,1,,,
BeckyBeaar,1,,,
BeckyBeaar,1,,,
BeckyBeaar,1,,,
BeckyBeaar,1,,,
BeckyBeaar,1,,,
BeckyBeaar,1,,,
BeckyBeaar,1,,,
bellaaaooo,1,,,
bellaaaooo,1,,,
bellaaaooo,1,,,
bellaaaooo,1,,,
bellaaaooo,1,,,
bellaaaooo,1,,,
bellaaaooo,1,,,
bellaaaooo,1,,,
bellaaaooo,1,,,
bellaaaooo,1,,,
bellaaaooo,1,,,
bellaaaooo,1,,,
bellaaaooo,1,,,
bellaaaooo,1,,,
bellaaaooo,1,,,
bellaaaooo,1,,,
bellaaaooo,1,,,
bellaaaooo,1,,,
bellaaaooo,1,,,
bellaaaooo,1,,,
bellaaaooo,1,,,
bellaaaooo,1,,,
bellaaaooo,1,,,
bellaaaooo,1,,,
bellaaaooo,1,,,
bellaaaooo,1,,,
bellaaaooo,1,,,
bellaaaooo,1,,,
bellaaaooo,1,,,
bellaaaooo,1,,,
bellaaaooo,1,,,
bellaaaooo,1,,,
bellaaaooo,1,,,
bellaaaooo,1,,,
bellaaaooo,1,,,
bellaaaooo,1,,,
bellaaaooo,1,,,
bellaaaooo,1,,,
bellaaaooo,1,,,
bellaaaooo,1,,,
bellaaaooo,1,,,
bellaaaooo,1,,,
bellaaaooo,1,,,
bellaaaooo,1,,,
bellaaaooo,1,,,
bellaaaooo,1,,,
bellaaaooo,1,,,
bellaaaooo,1,,,
bellaaaooo,1,,,
bellaaaooo,1,,,
bellaaaooo,1,,,
bellaaaooo,1,,,
bellaaaooo,1,,,
bellaaaooo,1,,,
bellaaaooo,1,,,
bellaaaooo,1,,,
bellaaaooo,1,,,
bellaaaooo,1,,,
bellaaaooo,1,,,
bellaaaooo,1,,,
bellaaaooo,1,,,
bellaaaooo,1,,,
bellaaaooo,1,,,
bellaaaooo,1,,,
bellaaaooo,1,,,
bellaaaooo,1,,,
bellaaaooo,1,,,
bellaaaooo,1,,,
bellaaaooo,1,,,
bellaaaooo,1,,,
bellaaaooo,1,,,
bellaaaooo,1,,,
bellaaaooo,1,,,
bellaaaooo,1,,,
bellaaaooo,1,,,
bellaaaooo,1,,,
bellaaaooo,1,,,
bellaaaooo,1,,,
bellaaaooo,1,,,
bellaaaooo,1,,,
bellaaaooo,1,,,
bellaaaooo,1,,,
bellaaaooo,1,,,
bellaaaooo,1,,,
bellaaaooo,1,,,
bellaaaooo,1,,,
bellaaaooo,1,,,
bellaaaooo,1,,,
bellaaaooo,1,,,
bellaaaooo,1,,,
bellaaaooo,1,,,
bellaaaooo,1,,,
bellaaaooo,1,,,
bellaaaooo,1,,,
bellaaaooo,1,,,
bellaaaooo,1,,,
bellaaaooo,1,,,
bellaaaooo,1,,,
bellaaaooo,1,,,
bellaaaooo,1,,,
bellaaaooo,1,,,
bellaaaooo,1,,,
bellaaaooo,1,,,
bellaaaooo,1,,,
bellaaaooo,1,,,
bellaaaooo,1,,,
bellaaaooo,1,,,
bellaaaooo,1,,,
bellaaaooo,1,,,
bellaaaooo,1,,,
bellaaaooo,1,,,
bellaaaooo,1,,,
bellaaaooo,1,,,
bellaaaooo,1,,,
bellaaaooo,1,,,
bellaaaooo,1,,,
bellaaaooo,1,,,
bjornMentalist,1,,,
bjornMentalist,1,,,
bjornMentalist,1,,,
brenna_annalise,1,,,
brenna_annalise,1,,,
brenna_annalise,1,,,
brenna_annalise,1,,,
brenna_annalise,1,,,
brenna_annalise,1,,,
brenna_annalise,1,,,
brenna_annalise,1,,,
brenna_annalise,1,,,
brenna_annalise,1,,,
brenna_annalise,1,,,
brenna_annalise,1,,,
brenna_annalise,1,,,
brenna_annalise,1,,,
brenna_annalise,1,,,
brenna_annalise,1,,,
brenna_annalise,1,,,
brenna_annalise,1,,,
brenna_annalise,1,,,
brenna_annalise,1,,,
brenna_annalise,1,,,
brenna_annalise,1,,,
brenna_annalise,1,,,
brenna_annalise,1,,,
brenna_annalise,1,,,
brenna_annalise,1,,,
brenna_annalise,1,,,
brenna_annalise,1,,,
brenna_annalise,1,,,
brenna_annalise,1,,,
brenna_annalise,1,,,
brenna_annalise,1,,,
brenna_annalise,1,,,
brenna_annalise,1,,,
brenna_annalise,1,,,
brenna_annalise,1,,,
brenna_annalise,1,,,
brenna_annalise,1,,,
brenna_annalise,1,,,
brenna_annalise,1,,,
brenna_annalise,1,,,
brenna_annalise,1,,,
brenna_annalise,1,,,
brenna_annalise,1,,,
brenna_annalise,1,,,
brenna_annalise,1,,,
brenna_annalise,1,,,
brenna_annalise,1,,,
brenna_annalise,1,,,
brenna_annalise,1,,,
brenna_annalise,1,,,
brenna_annalise,1,,,
brenna_annalise,1,,,
brenna_annalise,1,,,
brenna_annalise,1,,,
brenna_annalise,1,,,
brenna_annalise,1,,,
brenna_annalise,1,,,
brenna_annalise,1,,,
brenna_annalise,1,,,
brenna_annalise,1,,,
brenna_annalise,1,,,
brenna_annalise,1,,,
brenna_annalise,1,,,
Captain_Cal,1,,,
Captain_Cal,1,,,
Captain_Cal,1,,,
caseyrdooley,1,,,
caseyrdooley,1,,,
caseyrdooley,1,,,
caseyrdooley,1,,,
caseyrdooley,1,,,
CedilloIsrael,1,,,
CedilloIsrael,1,,,
CedilloIsrael,1,,,
CedilloIsrael,1,,,
celinalove33,1,,,
celinalove33,1,,,
celinalove33,1,,,
celinalove33,1,,,
celinalove33,1,,,
celinalove33,1,,,
celinalove33,1,,,
celinalove33,1,,,
Chavez_Plays,1,,,
Chavez_Plays,1,,,
Chavez_Plays,1,,,
Chavez_Plays,1,,,
Chavez_Plays,1,,,
Chavez_Plays,1,,,
Chavez_Plays,1,,,
Chavez_Plays,1,,,
Chavez_Plays,1,,,
Chavez_Plays,1,,,
Chavez_Plays,1,,,
Chavez_Plays,1,,,
Chavez_Plays,1,,,
Chavez_Plays,1,,,
Chavez_Plays,1,,,
Chavez_Plays,1,,,
Chavez_Plays,1,,,
CHRISHTYCLAR,1,,,
CHRISHTYCLAR,1,,,
christinamc12,1,,,
christinamc12,1,,,
christinamc12,1,,,
christinamc12,1,,,
christinamc12,1,,,
ChristyLovee_,1,,,
ChristyLovee_,1,,,
ChristyLovee_,1,,,
ChristyLovee_,1,,,
ChristyLovee_,1,,,
ChristyLovee_,1,,,
ChristyLovee_,1,,,
ChristyLovee_,1,,,
ChristyLovee_,1,,,
ChristyLovee_,1,,,
chuppug,1,,,
chuppug,1,,,
chuppug,1,,,
chuppug,1,,,
cks_nox,1,,,
cks_nox,1,,,
cks_nox,1,,,
cks_nox,1,,,
cks_nox,1,,,
cks_nox,1,,,
cks_nox,1,,,
cks_nox,1,,,
cks_nox,1,,,
cks_nox,1,,,
cks_nox,1,,,
cks_nox,1,,,
cks_nox,1,,,
cks_nox,1,,,
cks_nox,1,,,
cks_nox,1,,,
cks_nox,1,,,
cks_nox,1,,,
cks_nox,1,,,
cks_nox,1,,,
cks_nox,1,,,
cks_nox,1,,,
cks_nox,1,,,
cks_nox,1,,,
cks_nox,1,,,
cks_nox,1,,,
cks_nox,1,,,
cks_nox,1,,,
cks_nox,1,,,
cks_nox,1,,,
cks_nox,1,,,
cks_nox,1,,,
cks_nox,1,,,
cks_nox,1,,,
cks_nox,1,,,
cks_nox,1,,,
cks_nox,1,,,
cks_nox,1,,,
cks_nox,1,,,
cks_nox,1,,,
cks_nox,1,,,
cks_nox,1,,,
cks_nox,1,,,
cks_nox,1,,,
cks_nox,1,,,
cks_nox,1,,,
cks_nox,1,,,
cks_nox,1,,,
cks_nox,1,,,
cks_nox,1,,,
cks_nox,1,,,
cks_nox,1,,,
cks_nox,1,,,
cks_nox,1,,,
cks_nox,1,,,
cks_nox,1,,,
cks_nox,1,,,
cks_nox,1,,,
cks_nox,1,,,
cks_nox,1,,,
cks_nox,1,,,
cks_nox,1,,,
cks_nox,1,,,
cks_nox,1,,,
cks_nox,1,,,
cks_nox,1,,,
cks_nox,1,,,
cks_nox,1,,,
cks_nox,1,,,
cks_nox,1,,,
cks_nox,1,,,
cks_nox,1,,,
cks_nox,1,,,
cks_nox,1,,,
cks_nox,1,,,
cks_nox,1,,,
cks_nox,1,,,
cks_nox,1,,,
cks_nox,1,,,
cks_nox,1,,,
cks_nox,1,,,
cks_nox,1,,,
cks_nox,1,,,
cks_nox,1,,,
cks_nox,1,,,
cks_nox,1,,,
cks_nox,1,,,
cks_nox,1,,,
cks_nox,1,,,
cks_nox,1,,,
cks_nox,1,,,
cks_nox,1,,,
cks_nox,1,,,
cks_nox,1,,,
cks_nox,1,,,
cks_nox,1,,,
cks_nox,1,,,
cynthiacuevas21,1,,,
cynthiacuevas21,1,,,
cynthiacuevas21,1,,,
cynthiacuevas21,1,,,
cynthiacuevas21,1,,,
cynthiacuevas21,1,,,
cynthiacuevas21,1,,,
CynthiaSyuko,1,,,
CynthiaSyuko,1,,,
d_trifoglio,1,,,
d_trifoglio,1,,,
d_trifoglio,1,,,
d_trifoglio,1,,,
d_trifoglio,1,,,
d_trifoglio,1,,,
d_trifoglio,1,,,
d_trifoglio,1,,,
d_trifoglio,1,,,
d_trifoglio,1,,,
daisiessyrup,1,,,
daisiessyrup,1,,,
daisiessyrup,1,,,
daisiessyrup,1,,,
daisyarriaga1,1,,,
daisyarriaga1,1,,,
daisyarriaga1,1,,,
daisyarriaga1,1,,,
daisyarriaga1,1,,,
daisyarriaga1,1,,,
daisyarriaga1,1,,,
daisyarriaga1,1,,,
daisyarriaga1,1,,,
daisyarriaga1,1,,,
daisyarriaga1,1,,,
daisyarriaga1,1,,,
daisyarriaga1,1,,,
daisyarriaga1,1,,,
daisyarriaga1,1,,,
daisyarriaga1,1,,,
daisyarriaga1,1,,,
daisyarriaga1,1,,,
daisyarriaga1,1,,,
daisyarriaga1,1,,,
DayOneShola,1,,,
DayOneShola,1,,,
DayOneShola,1,,,
DayOneShola,1,,,
DayOneShola,1,,,
DayOneShola,1,,,
devyneverts,1,,,
dlcgx,1,,,
dlcgx,1,,,
DreamKillerKai,1,,,
DreamKillerKai,1,,,
DreamKillerKai,1,,,
engravedfilms,1,,,
engravedfilms,1,,,
engravedfilms,1,,,
engravedfilms,1,,,
engravedfilms,1,,,
engravedfilms,1,,,
engravedfilms,1,,,
engravedfilms,1,,,
engravedfilms,1,,,
engravedfilms,1,,,
evelyn_fierro,1,,,
evelyn_fierro,1,,,
francapark,1,,,
francapark,1,,,
francapark,1,,,
francapark,1,,,
francapark,1,,,
francapark,1,,,
francapark,1,,,
francapark,1,,,
francapark,1,,,
francapark,1,,,
francapark,1,,,
francapark,1,,,
francapark,1,,,
francapark,1,,,
francapark,1,,,
francapark,1,,,
francapark,1,,,
francapark,1,,,
francapark,1,,,
francapark,1,,,
francapark,1,,,
francapark,1,,,
francapark,1,,,
francapark,1,,,
francapark,1,,,
francapark,1,,,
FRitsBadAsh,1,,,
FRitsBadAsh,1,,,
FRitsBadAsh,1,,,
FRitsBadAsh,1,,,
FRitsBadAsh,1,,,
FRitsBadAsh,1,,,
FRitsBadAsh,1,,,
FRitsBadAsh,1,,,
FRitsBadAsh,1,,,
FRitsBadAsh,1,,,
FRitsBadAsh,1,,,
HenrywcjWang,1,,,
HenrywcjWang,1,,,
heyitschio,1,,,
heyitschio,1,,,
heyitschio,1,,,
heyitschio,1,,,
heyitschio,1,,,
heyitschio,1,,,
heyitschio,1,,,
heyitschio,1,,,
heyitschio,1,,,
heyitschio,1,,,
heyitschio,1,,,
heyitschio,1,,,
heyitschio,1,,,
heyitschio,1,,,
heyitschio,1,,,
heyitschio,1,,,
heyitschio,1,,,
heyitschio,1,,,
heyitschio,1,,,
heyitschio,1,,,
heyitschio,1,,,
heyitschio,1,,,
heyitschio,1,,,
HighhStandardss,1,,,
HighhStandardss,1,,,
HighhStandardss,1,,,
HighhStandardss,1,,,
hiseolee,1,,,
hiseolee,1,,,
hiseolee,1,,,
IndooDude,1,,,
IndooDude,1,,,
IndooDude,1,,,
IndooDude,1,,,
IndooDude,1,,,
IndooDude,1,,,
IndooDude,1,,,
IndooDude,1,,,
IndooDude,1,,,
IndooDude,1,,,
IndooDude,1,,,
IndooDude,1,,,
IndooDude,1,,,
IndooDude,1,,,
IndooDude,1,,,
IsaacPatronus,1,,,
IsaacPatronus,1,,,
IsaacPatronus,1,,,
IsaacPatronus,1,,,
IsaacPatronus,1,,,
IsaacPatronus,1,,,
IsaacPatronus,1,,,
IsaacPatronus,1,,,
IsaacPatronus,1,,,
IsaacPatronus,1,,,
IsaacPatronus,1,,,
IsaacPatronus,1,,,
IsaacPatronus,1,,,
IsaacPatronus,1,,,
IsaacPatronus,1,,,
IsaacPatronus,1,,,
IsaacPatronus,1,,,
IsaacPatronus,1,,,
IsaacPatronus,1,,,
IsaacPatronus,1,,,
IsaacPatronus,1,,,
IsaacPatronus,1,,,
IsaacPatronus,1,,,
IsaacPatronus,1,,,
IsaacPatronus,1,,,
IsaacPatronus,1,,,
IsaacPatronus,1,,,
isabelng523,1,,,
isabelng523,1,,,
isabelng523,1,,,
Jaavieerrr_,1,,,
Jaavieerrr_,1,,,
JacquelineBaca9,1,,,
JacquelineBaca9,1,,,
JacquelineBaca9,1,,,
JacquelineBaca9,1,,,
JacquelineBaca9,1,,,
JacquelineBaca9,1,,,
JacquelineBaca9,1,,,
JacquelineBaca9,1,,,
JacquelineBaca9,1,,,
JacquelineBaca9,1,,,
JacquelineBaca9,1,,,
JacquelineBaca9,1,,,
JacquelineBaca9,1,,,
JacquelineBaca9,1,,,
JacquelineBaca9,1,,,
JacquelineBaca9,1,,,
JacquelineBaca9,1,,,
JacquelineBaca9,1,,,
JacquelineBaca9,1,,,
JacquelineBaca9,1,,,
JacquelineBaca9,1,,,
JacquelineBaca9,1,,,
jakeyafable,1,,,
jakeyafable,1,,,
jakeyafable,1,,,
jasonhibono,1,,,
jasonhibono,1,,,
jasonhibono,1,,,
jasonhibono,1,,,
jasonhibono,1,,,
jasonhibono,1,,,
jasonhibono,1,,,
jasonhibono,1,,,
jasonhibono,1,,,
jasonhibono,1,,,
jasonhibono,1,,,
jasonhibono,1,,,
jasonhibono,1,,,
jasonhibono,1,,,
jasonhibono,1,,,
jasonhibono,1,,,
jasonhibono,1,,,
jasonhibono,1,,,
jasonhibono,1,,,
jasonhibono,1,,,
jasonhibono,1,,,
jasonhibono,1,,,
jasonhibono,1,,,
jasonhibono,1,,,
jasonhibono,1,,,
jayqualynn,1,,,
jessicadangg,1,,,
jessicadangg,1,,,
jessicadangg,1,,,
JJust_Justin,1,,,
JJust_Justin,1,,,
JJust_Justin,1,,,
JJust_Justin,1,,,
JJust_Justin,1,,,
JJust_Justin,1,,,
JJust_Justin,1,,,
JJust_Justin,1,,,
JJust_Justin,1,,,
JJust_Justin,1,,,
JJust_Justin,1,,,
JJust_Justin,1,,,
JJust_Justin,1,,,
JJust_Justin,1,,,
JJust_Justin,1,,,
JJust_Justin,1,,,
JJust_Justin,1,,,
JJust_Justin,1,,,
JJust_Justin,1,,,
JJust_Justin,1,,,
JJust_Justin,1,,,
JJust_Justin,1,,,
JJust_Justin,1,,,
JJust_Justin,1,,,
JJust_Justin,1,,,
JJust_Justin,1,,,
JJust_Justin,1,,,
JJust_Justin,1,,,
JJust_Justin,1,,,
JJust_Justin,1,,,
JJust_Justin,1,,,
JJust_Justin,1,,,
JJust_Justin,1,,,
JJust_Justin,1,,,
JJust_Justin,1,,,
JJust_Justin,1,,,
JJust_Justin,1,,,
JJust_Justin,1,,,
JJust_Justin,1,,,
JJust_Justin,1,,,
JJust_Justin,1,,,
JJust_Justin,1,,,
JJust_Justin,1,,,
JJust_Justin,1,,,
JJust_Justin,1,,,
JJust_Justin,1,,,
JJust_Justin,1,,,
JJust_Justin,1,,,
JJust_Justin,1,,,
JJust_Justin,1,,,
JJust_Justin,1,,,
JJust_Justin,1,,,
JJust_Justin,1,,,
JJust_Justin,1,,,
JJust_Justin,1,,,
JJust_Justin,1,,,
JJust_Justin,1,,,
JJust_Justin,1,,,
JJust_Justin,1,,,
JJust_Justin,1,,,
JJust_Justin,1,,,
JJust_Justin,1,,,
JJust_Justin,1,,,
JJust_Justin,1,,,
JJust_Justin,1,,,
JJust_Justin,1,,,
JJust_Justin,1,,,
JJust_Justin,1,,,
JJust_Justin,1,,,
JJust_Justin,1,,,
JJust_Justin,1,,,
JJust_Justin,1,,,
JJust_Justin,1,,,
JJust_Justin,1,,,
JJust_Justin,1,,,
JJust_Justin,1,,,
JJust_Justin,1,,,
JJust_Justin,1,,,
JJust_Justin,1,,,
JJust_Justin,1,,,
JJust_Justin,1,,,
JJust_Justin,1,,,
JJust_Justin,1,,,
JJust_Justin,1,,,
JJust_Justin,1,,,
JJust_Justin,1,,,
JJust_Justin,1,,,
JJust_Justin,1,,,
JJust_Justin,1,,,
JJust_Justin,1,,,
JJust_Justin,1,,,
JJust_Justin,1,,,
JJust_Justin,1,,,
JJust_Justin,1,,,
JJust_Justin,1,,,
JJust_Justin,1,,,
JJust_Justin,1,,,
JJust_Justin,1,,,
JJust_Justin,1,,,
JJust_Justin,1,,,
JJust_Justin,1,,,
JJust_Justin,1,,,
JJust_Justin,1,,,
JJust_Justin,1,,,
JJust_Justin,1,,,
Johanna_Hunter,1,,,
Johanna_Hunter,1,,,
Johanna_Hunter,1,,,
Johanna_Hunter,1,,,
JolieAshraf,1,,,
JolieAshraf,1,,,
JolieAshraf,1,,,
JolieAshraf,1,,,
JolieAshraf,1,,,
JolieAshraf,1,,,
JolieAshraf,1,,,
JolieAshraf,1,,,
JolieAshraf,1,,,
JolieAshraf,1,,,
joshiepennock,1,,,
joshiepennock,1,,,
juarezalexis38,1,,,
juarezalexis38,1,,,
juarezalexis38,1,,,
juarezalexis38,1,,,
juarezalexis38,1,,,
juarezalexis38,1,,,
juarezalexis38,1,,,
juarezalexis38,1,,,
juarezalexis38,1,,,
juarezalexis38,1,,,
juarezalexis38,1,,,
juarezalexis38,1,,,
juarezalexis38,1,,,
juarezalexis38,1,,,
juarezalexis38,1,,,
juarezalexis38,1,,,
juarezalexis38,1,,,
juarezalexis38,1,,,
juarezalexis38,1,,,
juarezalexis38,1,,,
juarezalexis38,1,,,
k8giannini,1,,,
k8giannini,1,,,
k8giannini,1,,,
k8giannini,1,,,
KAISERxDRAGON,1,,,
KAISERxDRAGON,1,,,
KAISERxDRAGON,1,,,
KAISERxDRAGON,1,,,
kariswerve,1,,,
kariswerve,1,,,
kariswerve,1,,,
KarminLaBrea,1,,,
KarminLaBrea,1,,,
KarminLaBrea,1,,,
KarminLaBrea,1,,,
Katelynnxxoxo,1,,,
Katelynnxxoxo,1,,,
Katelynnxxoxo,1,,,
Katelynnxxoxo,1,,,
Katelynnxxoxo,1,,,
Katelynnxxoxo,1,,,
Katelynnxxoxo,1,,,
Katelynnxxoxo,1,,,
Katelynnxxoxo,1,,,
Katelynnxxoxo,1,,,
Katelynnxxoxo,1,,,
Katelynnxxoxo,1,,,
Katelynnxxoxo,1,,,
Katelynnxxoxo,1,,,
Katelynnxxoxo,1,,,
Katelynnxxoxo,1,,,
Katelynnxxoxo,1,,,
Katelynnxxoxo,1,,,
Katelynnxxoxo,1,,,
Katelynnxxoxo,1,,,
Katelynnxxoxo,1,,,
Katelynnxxoxo,1,,,
Katelynnxxoxo,1,,,
Katelynnxxoxo,1,,,
Katelynnxxoxo,1,,,
Katelynnxxoxo,1,,,
Katelynnxxoxo,1,,,
Katelynnxxoxo,1,,,
Katelynnxxoxo,1,,,
Katelynnxxoxo,1,,,
Katelynnxxoxo,1,,,
kelsey_lachance,1,,,
kelsey_lachance,1,,,
kelsey_lachance,1,,,
kelsey_lachance,1,,,
kelsey_lachance,1,,,
kelsey_lachance,1,,,
kelsey_lachance,1,,,
kelsey_lachance,1,,,
kelsey_lachance,1,,,
kelsey_lachance,1,,,
khanhsuela,1,,,
khanhsuela,1,,,
khanhsuela,1,,,
khanhsuela,1,,,
khanhsuela,1,,,
khanhsuela,1,,,
Kimberlypagano,1,,,
Kimberlypagano,1,,,
Kimberlypagano,1,,,
Kimberlypagano,1,,,
Kimberlypagano,1,,,
Kimberlypagano,1,,,
Kimberlypagano,1,,,
Kimberlypagano,1,,,
Kimberlypagano,1,,,
Kimberlypagano,1,,,
Kimberlypagano,1,,,
Kimberlypagano,1,,,
Kimberlypagano,1,,,
Kimberlypagano,1,,,
kristina_pagano,1,,,
kristina_pagano,1,,,
kristina_pagano,1,,,
kristina_pagano,1,,,
kristina_pagano,1,,,
kristina_pagano,1,,,
kristina_pagano,1,,,
kristina_pagano,1,,,
kristina_pagano,1,,,
kristina_pagano,1,,,
kristina_pagano,1,,,
kristina_pagano,1,,,
kristina_pagano,1,,,
kristina_pagano,1,,,
kristina_pagano,1,,,
kristina_pagano,1,,,
kristina_pagano,1,,,
lastxwish,1,,,
lastxwish,1,,,
lastxwish,1,,,
lastxwish,1,,,
lastxwish,1,,,
lastxwish,1,,,
lastxwish,1,,,
lastxwish,1,,,
lastxwish,1,,,
lastxwish,1,,,
lastxwish,1,,,
lastxwish,1,,,
lastxwish,1,,,
lastxwish,1,,,
lastxwish,1,,,
lastxwish,1,,,
lastxwish,1,,,
lastxwish,1,,,
lastxwish,1,,,
lastxwish,1,,,
lastxwish,1,,,
lastxwish,1,,,
lastxwish,1,,,
lastxwish,1,,,
lastxwish,1,,,
lastxwish,1,,,
lastxwish,1,,,
lastxwish,1,,,
lastxwish,1,,,
lastxwish,1,,,
lastxwish,1,,,
lastxwish,1,,,
lastxwish,1,,,
lastxwish,1,,,
lastxwish,1,,,
lastxwish,1,,,
lastxwish,1,,,
lastxwish,1,,,
lastxwish,1,,,
lastxwish,1,,,
lastxwish,1,,,
lastxwish,1,,,
lauraa_x16,1,,,
lauraa_x16,1,,,
lil_Taite,1,,,
lil_Taite,1,,,
lil_Taite,1,,,
lil_Taite,1,,,
lil_Taite,1,,,
lil_Taite,1,,,
Lilly_vujacic,1,,,
Lilly_vujacic,1,,,
Lilly_vujacic,1,,,
Lilly_vujacic,1,,,
Lilly_vujacic,1,,,
Lilly_vujacic,1,,,
Lilly_vujacic,1,,,
macklork,1,,,
macklork,1,,,
macklork,1,,,
macklork,1,,,
macklork,1,,,
macklork,1,,,
macklork,1,,,
marymchenry7,1,,,
marymchenry7,1,,,
marymchenry7,1,,,
marymchenry7,1,,,
marymchenry7,1,,,
marymchenry7,1,,,
marymchenry7,1,,,
marymchenry7,1,,,
marymchenry7,1,,,
marymchenry7,1,,,
marymchenry7,1,,,
marymchenry7,1,,,
mermaidnury,1,,,
MonicaPortillo_,1,,,
MonicaPortillo_,1,,,
MonicaPortillo_,1,,,
MonicaPortillo_,1,,,
MonicaPortillo_,1,,,
MonicaPortillo_,1,,,
MonicaPortillo_,1,,,
MonicaPortillo_,1,,,
MonicaPortillo_,1,,,
MonicaPortillo_,1,,,
MonicaPortillo_,1,,,
MonicaPortillo_,1,,,
MonicaPortillo_,1,,,
MonicaPortillo_,1,,,
MonicaPortillo_,1,,,
MonicaPortillo_,1,,,
MonicaPortillo_,1,,,
MonicaPortillo_,1,,,
MonicaPortillo_,1,,,
MonicaPortillo_,1,,,
MonicaPortillo_,1,,,
MonicaPortillo_,1,,,
MonicaPortillo_,1,,,
MonicaPortillo_,1,,,
MonicaPortillo_,1,,,
MonicaPortillo_,1,,,
nancyh_22,1,,,
nancyh_22,1,,,
nasusiel,1,,,
nasusiel,1,,,
nasusiel,1,,,
nasusiel,1,,,
nasusiel,1,,,
nasusiel,1,,,
nasusiel,1,,,
nasusiel,1,,,
nasusiel,1,,,
nasusiel,1,,,
nasusiel,1,,,
nasusiel,1,,,
nasusiel,1,,,
nasusiel,1,,,
nasusiel,1,,,
nasusiel,1,,,
nasusiel,1,,,
NatanHek,1,,,
nessa_stef97,1,,,
nessa_stef97,1,,,
nicolekim35,1,,,
nicolekim35,1,,,
nicolekim35,1,,,
nicolekim35,1,,,
nicolekim35,1,,,
nicolekim35,1,,,
nicolekim35,1,,,
nicolekim35,1,,,
nicolekim35,1,,,
NYokubaitis,1,,,
NYokubaitis,1,,,
NYokubaitis,1,,,
ohhsesha,1,,,
ohhsesha,1,,,
ohhsesha,1,,,
ohhsesha,1,,,
ohhsesha,1,,,
ohhsesha,1,,,
ohhsesha,1,,,
ohhsesha,1,,,
ohhsesha,1,,,
ohhsesha,1,,,
ohhsesha,1,,,
ohhsesha,1,,,
ohhsesha,1,,,
ohhsesha,1,,,
ohhsesha,1,,,
ohhsesha,1,,,
ohhsesha,1,,,
otterpals,1,,,
OwenDHart,1,,,
paja_thao,1,,,
paja_thao,1,,,
paja_thao,1,,,
paja_thao,1,,,
paja_thao,1,,,
paja_thao,1,,,
paja_thao,1,,,
paja_thao,1,,,
paja_thao,1,,,
paja_thao,1,,,
paja_thao,1,,,
paja_thao,1,,,
paulmseo,1,,,
paulmseo,1,,,
paulmseo,1,,,
perezkevin28,1,,,
perezkevin28,1,,,
perezkevin28,1,,,
perezkevin28,1,,,
phyuphyuu,1,,,
piwrightonline,1,,,
piwrightonline,1,,,
piwrightonline,1,,,
pppnguyener,1,,,
pppnguyener,1,,,
pppnguyener,1,,,
pppnguyener,1,,,
pppnguyener,1,,,
pppnguyener,1,,,
pppnguyener,1,,,
PrenySarkissian,1,,,
PrenySarkissian,1,,,
PSedaros,1,,,
rgiiipa,1,,,
rgiiipa,1,,,
rgiiipa,1,,,
rgiiipa,1,,,
rickyterriquez,1,,,
rickyterriquez,1,,,
rickyterriquez,1,,,
rickyterriquez,1,,,
rickyterriquez,1,,,
rickyterriquez,1,,,
rickyterriquez,1,,,
rickyterriquez,1,,,
rickyterriquez,1,,,
rickyterriquez,1,,,
rickyterriquez,1,,,
rickyterriquez,1,,,
rickyterriquez,1,,,
rickyterriquez,1,,,
rickyterriquez,1,,,
rickyterriquez,1,,,
rickyterriquez,1,,,
rickyterriquez,1,,,
rickyterriquez,1,,,
rickyterriquez,1,,,
riggypiggy1106,1,,,
riggypiggy1106,1,,,
riggypiggy1106,1,,,
riggypiggy1106,1,,,
riggypiggy1106,1,,,
riggypiggy1106,1,,,
riggypiggy1106,1,,,
riggypiggy1106,1,,,
riggypiggy1106,1,,,
riggypiggy1106,1,,,
riggypiggy1106,1,,,
riggypiggy1106,1,,,
riggypiggy1106,1,,,
riggypiggy1106,1,,,
riggypiggy1106,1,,,
riggypiggy1106,1,,,
riggypiggy1106,1,,,
riggypiggy1106,1,,,
riggypiggy1106,1,,,
riggypiggy1106,1,,,
riggypiggy1106,1,,,
riggypiggy1106,1,,,
riggypiggy1106,1,,,
riggypiggy1106,1,,,
riggypiggy1106,1,,,
riggypiggy1106,1,,,
RunAngieRunn,1,,,
RunAngieRunn,1,,,
RunAngieRunn,1,,,
RunAngieRunn,1,,,
RunAngieRunn,1,,,
RunAngieRunn,1,,,
RunAngieRunn,1,,,
RunAngieRunn,1,,,
RunAngieRunn,1,,,
RunAngieRunn,1,,,
RunAngieRunn,1,,,
RunAngieRunn,1,,,
RunAngieRunn,1,,,
RunAngieRunn,1,,,
RunAngieRunn,1,,,
RunAngieRunn,1,,,
RunAngieRunn,1,,,
RunAngieRunn,1,,,
RunAngieRunn,1,,,
RunAngieRunn,1,,,
RunAngieRunn,1,,,
RunAngieRunn,1,,,
RunAngieRunn,1,,,
RunAngieRunn,1,,,
RunAngieRunn,1,,,
RunAngieRunn,1,,,
RunAngieRunn,1,,,
RunAngieRunn,1,,,
RunAngieRunn,1,,,
RunAngieRunn,1,,,
RunAngieRunn,1,,,
RunAngieRunn,1,,,
RunAngieRunn,1,,,
sarahenero897,1,,,
sarahenero897,1,,,
sarahenero897,1,,,
sarahenero897,1,,,
sarahenero897,1,,,
sarahenero897,1,,,
sarahenero897,1,,,
sarahenero897,1,,,
sarahenero897,1,,,
sarahenero897,1,,,
Sarahh_Jennifer,1,,,
Sarahh_Jennifer,1,,,
Sarahh_Jennifer,1,,,
Sarahh_Jennifer,1,,,
SaturnCee,1,,,
sgbrandonn,1,,,
sgbrandonn,1,,,
sgbrandonn,1,,,
sgbrandonn,1,,,
sgbrandonn,1,,,
sgbrandonn,1,,,
sgbrandonn,1,,,
sgbrandonn,1,,,
sgbrandonn,1,,,
sgbrandonn,1,,,
sgbrandonn,1,,,
sgbrandonn,1,,,
sgbrandonn,1,,,
sgbrandonn,1,,,
sgbrandonn,1,,,
sgbrandonn,1,,,
sgbrandonn,1,,,
sgbrandonn,1,,,
sgbrandonn,1,,,
sgbrandonn,1,,,
sgbrandonn,1,,,
sgbrandonn,1,,,
sgbrandonn,1,,,
sgbrandonn,1,,,
sgbrandonn,1,,,
sgbrandonn,1,,,
sgbrandonn,1,,,
sgbrandonn,1,,,
sgbrandonn,1,,,
Sharkus_19,1,,,
Sharkus_19,1,,,
Sharkus_19,1,,,
Sharkus_19,1,,,
Shea_bertolucci,1,,,
sherry9788,1,,,
Sirenitaaa3,1,,,
Sirenitaaa3,1,,,
Sirenitaaa3,1,,,
Sirenitaaa3,1,,,
Sirenitaaa3,1,,,
Sirenitaaa3,1,,,
Sirenitaaa3,1,,,
Sirenitaaa3,1,,,
Sirenitaaa3,1,,,
Sirenitaaa3,1,,,
Sirenitaaa3,1,,,
SirFrancisAnton,1,,,
SirFrancisAnton,1,,,
SirFrancisAnton,1,,,
SirFrancisAnton,1,,,
SirFrancisAnton,1,,,
SirFrancisAnton,1,,,
SirFrancisAnton,1,,,
SirFrancisAnton,1,,,
SirFrancisAnton,1,,,
SirFrancisAnton,1,,,
SirFrancisAnton,1,,,
SirFrancisAnton,1,,,
SirFrancisAnton,1,,,
SirFrancisAnton,1,,,
SirFrancisAnton,1,,,
SirFrancisAnton,1,,,
SirFrancisAnton,1,,,
SirFrancisAnton,1,,,
SirFrancisAnton,1,,,
SirFrancisAnton,1,,,
SirFrancisAnton,1,,,
SirFrancisAnton,1,,,
SirFrancisAnton,1,,,
SirFrancisAnton,1,,,
SirFrancisAnton,1,,,
SirFrancisAnton,1,,,
SirFrancisAnton,1,,,
SirFrancisAnton,1,,,
SirFrancisAnton,1,,,
SirFrancisAnton,1,,,
SirFrancisAnton,1,,,
SirFrancisAnton,1,,,
SirFrancisAnton,1,,,
SirFrancisAnton,1,,,
SirFrancisAnton,1,,,
SirFrancisAnton,1,,,
SirFrancisAnton,1,,,
SirFrancisAnton,1,,,
SirFrancisAnton,1,,,
SirFrancisAnton,1,,,
SirFrancisAnton,1,,,
SirFrancisAnton,1,,,
SirFrancisAnton,1,,,
SirFrancisAnton,1,,,
SirFrancisAnton,1,,,
SirFrancisAnton,1,,,
SirFrancisAnton,1,,,
SirFrancisAnton,1,,,
SirFrancisAnton,1,,,
SirFrancisAnton,1,,,
SirFrancisAnton,1,,,
SirFrancisAnton,1,,,
SirFrancisAnton,1,,,
SirFrancisAnton,1,,,
SirFrancisAnton,1,,,
SirFrancisAnton,1,,,
SirFrancisAnton,1,,,
SirFrancisAnton,1,,,
SirFrancisAnton,1,,,
SirFrancisAnton,1,,,
SirFrancisAnton,1,,,
SirFrancisAnton,1,,,
SirFrancisAnton,1,,,
SirFrancisAnton,1,,,
SirFrancisAnton,1,,,
SirFrancisAnton,1,,,
SirFrancisAnton,1,,,
SirFrancisAnton,1,,,
SirFrancisAnton,1,,,
SirFrancisAnton,1,,,
SirFrancisAnton,1,,,
SirFrancisAnton,1,,,
SirFrancisAnton,1,,,
SirFrancisAnton,1,,,
SirFrancisAnton,1,,,
SirFrancisAnton,1,,,
SirFrancisAnton,1,,,
SirFrancisAnton,1,,,
SirFrancisAnton,1,,,
SirFrancisAnton,1,,,
SirFrancisAnton,1,,,
SirFrancisAnton,1,,,
SirFrancisAnton,1,,,
SirFrancisAnton,1,,,
SirFrancisAnton,1,,,
SirFrancisAnton,1,,,
SirFrancisAnton,1,,,
SirFrancisAnton,1,,,
SirFrancisAnton,1,,,
SirFrancisAnton,1,,,
SirFrancisAnton,1,,,
SirFrancisAnton,1,,,
SirFrancisAnton,1,,,
SirFrancisAnton,1,,,
SirFrancisAnton,1,,,
SirFrancisAnton,1,,,
SirFrancisAnton,1,,,
snyderjason14,1,,,
snyderjason14,1,,,
snyderjason14,1,,,
snyderjason14,1,,,
suchastutz,1,,,
suchastutz,1,,,
suchastutz,1,,,
suchastutz,1,,,
taytay_shanay,1,,,
taytay_shanay,1,,,
taytay_shanay,1,,,
taytay_shanay,1,,,
temesgentoofly,1,,,
temesgentoofly,1,,,
temesgentoofly,1,,,
temesgentoofly,1,,,
temesgentoofly,1,,,
temesgentoofly,1,,,
Teresar14M,1,,,
ThatAsian_Zeke,1,,,
theaaliyahsade,1,,,
theaaliyahsade,1,,,
theaaliyahsade,1,,,
theaaliyahsade,1,,,
theaaliyahsade,1,,,
theaaliyahsade,1,,,
theaaliyahsade,1,,,
theaaliyahsade,1,,,
theaaliyahsade,1,,,
theaaliyahsade,1,,,
theaaliyahsade,1,,,
theaaliyahsade,1,,,
theaaliyahsade,1,,,
theaaliyahsade,1,,,
theaaliyahsade,1,,,
theaaliyahsade,1,,,
theaaliyahsade,1,,,
theaaliyahsade,1,,,
theaaliyahsade,1,,,
theaaliyahsade,1,,,
theaaliyahsade,1,,,
theaaliyahsade,1,,,
theaaliyahsade,1,,,
theaaliyahsade,1,,,
theaaliyahsade,1,,,
theaaliyahsade,1,,,
theaaliyahsade,1,,,
theaaliyahsade,1,,,
thetrueraj,1,,,
thetrueraj,1,,,
thetrueraj,1,,,
thetrueraj,1,,,
thetrueraj,1,,,
thetrueraj,1,,,
thetrueraj,1,,,
thetrueraj,1,,,
thetrueraj,1,,,
thetrueraj,1,,,
thetrueraj,1,,,
thetrueraj,1,,,
thetrueraj,1,,,
thetrueraj,1,,,
thetrueraj,1,,,
thetrueraj,1,,,
thetrueraj,1,,,
thetrueraj,1,,,
thetrueraj,1,,,
thetrueraj,1,,,
thetrueraj,1,,,
thetrueraj,1,,,
thetrueraj,1,,,
thetrueraj,1,,,
thetrueraj,1,,,
thetrueraj,1,,,
thetrueraj,1,,,
thetrueraj,1,,,
thetrueraj,1,,,
thetrueraj,1,,,
thetrueraj,1,,,
thetrueraj,1,,,
thetrueraj,1,,,
thetrueraj,1,,,
thetrueraj,1,,,
thetrueraj,1,,,
thetrueraj,1,,,
thetrueraj,1,,,
thetrueraj,1,,,
TierraSmiles_,1,,,
TierraSmiles_,1,,,
TierraSmiles_,1,,,
TierraSmiles_,1,,,
TierraSmiles_,1,,,
TierraSmiles_,1,,,
TierraSmiles_,1,,,
TierraSmiles_,1,,,
TierraSmiles_,1,,,
TierraSmiles_,1,,,
TierraSmiles_,1,,,
TierraSmiles_,1,,,
TierraSmiles_,1,,,
TierraSmiles_,1,,,
TierraSmiles_,1,,,
TierraSmiles_,1,,,
TierraSmiles_,1,,,
TierraSmiles_,1,,,
TierraSmiles_,1,,,
TierraSmiles_,1,,,
TierraSmiles_,1,,,
TierraSmiles_,1,,,
TierraSmiles_,1,,,
TierraSmiles_,1,,,
TierraSmiles_,1,,,
TierraSmiles_,1,,,
TierraSmiles_,1,,,
TierraSmiles_,1,,,
TierraSmiles_,1,,,
TierraSmiles_,1,,,
TierraSmiles_,1,,,
TierraSmiles_,1,,,
TierraSmiles_,1,,,
TierraSmiles_,1,,,
TierraSmiles_,1,,,
TierraSmiles_,1,,,
TierraSmiles_,1,,,
TierraSmiles_,1,,,
tingchanghui,1,,,
tingchanghui,1,,,
tingchanghui,1,,,
tingchanghui,1,,,
Tjans22,1,,,
Tjans22,1,,,
torthea_chip,1,,,
torthea_chip,1,,,
torthea_chip,1,,,
torthea_chip,1,,,
torthea_chip,1,,,
torthea_chip,1,,,
torthea_chip,1,,,
torthea_chip,1,,,
torthea_chip,1,,,
torthea_chip,1,,,
torthea_chip,1,,,
torthea_chip,1,,,
torthea_chip,1,,,
torthea_chip,1,,,
torthea_chip,1,,,
torthea_chip,1,,,
torthea_chip,1,,,
torthea_chip,1,,,
torthea_chip,1,,,
torthea_chip,1,,,
torthea_chip,1,,,
torthea_chip,1,,,
torthea_chip,1,,,
torthea_chip,1,,,
torthea_chip,1,,,
torthea_chip,1,,,
torthea_chip,1,,,
torthea_chip,1,,,
torthea_chip,1,,,
torthea_chip,1,,,
torthea_chip,1,,,
torthea_chip,1,,,
torthea_chip,1,,,
torthea_chip,1,,,
torthea_chip,1,,,
torthea_chip,1,,,
torthea_chip,1,,,
torthea_chip,1,,,
torthea_chip,1,,,
torthea_chip,1,,,
torthea_chip,1,,,
torthea_chip,1,,,
torthea_chip,1,,,
torthea_chip,1,,,
torthea_chip,1,,,
torthea_chip,1,,,
torthea_chip,1,,,
torthea_chip,1,,,
torthea_chip,1,,,
torthea_chip,1,,,
torthea_chip,1,,,
torthea_chip,1,,,
torthea_chip,1,,,
torthea_chip,1,,,
torthea_chip,1,,,
torthea_chip,1,,,
torthea_chip,1,,,
torthea_chip,1,,,
torthea_chip,1,,,
torthea_chip,1,,,
torthea_chip,1,,,
torthea_chip,1,,,
torthea_chip,1,,,
torthea_chip,1,,,
tracy_keyes_,1,,,
tracy_keyes_,1,,,
tracy_keyes_,1,,,
tracy_keyes_,1,,,
tracy_keyes_,1,,,
tracy_keyes_,1,,,
tracy_keyes_,1,,,
tram_bam,1,,,
tram_bam,1,,,
tram_bam,1,,,
tram_bam,1,,,
tram_bam,1,,,
tram_bam,1,,,
tram_bam,1,,,
tram_bam,1,,,
tram_bam,1,,,
tram_bam,1,,,
tram_bam,1,,,
tvokidd,1,,,
tvokidd,1,,,
tvokidd,1,,,
tvokidd,1,,,
tvokidd,1,,,
tvokidd,1,,,
tvokidd,1,,,
tvokidd,1,,,
tvokidd,1,,,
tvokidd,1,,,
tvokidd,1,,,
tvokidd,1,,,
tvokidd,1,,,
tvokidd,1,,,
tvokidd,1,,,
tvokidd,1,,,
tvokidd,1,,,
umamv5,1,,,
umamv5,1,,,
umamv5,1,,,
VanilluhWafer,1,,,
VanilluhWafer,1,,,
VanilluhWafer,1,,,
VanilluhWafer,1,,,
VanilluhWafer,1,,,
VanilluhWafer,1,,,
VanilluhWafer,1,,,
VanilluhWafer,1,,,
VanilluhWafer,1,,,
VanilluhWafer,1,,,
VanilluhWafer,1,,,
VanilluhWafer,1,,,
VanilluhWafer,1,,,
VintedAlyssa,1,,,
VintedAlyssa,1,,,
VintedAlyssa,1,,,
VintedAlyssa,1,,,
VintedAlyssa,1,,,
watchmelin,1,,,
watchmelin,1,,,
watchmelin,1,,,
whoisbenhuang,1,,,
whoisbenhuang,1,,,
whoisbenhuang,1,,,
whoisbenhuang,1,,,
whoisbenhuang,1,,,
whoisbenhuang,1,,,
whoisbenhuang,1,,,
whoisbenhuang,1,,,
whoisbenhuang,1,,,
xo_dezzy,1,,,
xo_dezzy,1,,,
xo_dezzy,1,,,
xo_dezzy,1,,,
ZDevereux97,1,,,
ZDevereux97,1,,,
ZDevereux97,1,,,
,,,,