Exclude RT,,,,
De,,,,
@M,,,,
Go,,,,
@M,,,,
@M,,,,
@M,,,,
Un,,,,
@C,,,,
@M,,,,
@M,,,,
@M,,,,
@M,,,,
@M,,,,
@M,,,,
@G,,,,
Pl,,,,
@G,,,,
Wa,,,,
@h,,,,
@h,,,,
@h,,,,
Bo,,,,
Ho,,,,
@h,,,,
It,,,,
@l,,,,
@l,,,,
@l,,,,
ðŸ,,,,
I ,,,,
So,,,,
@t,,,,
Yo,,,,
St,,,,
Bu,,,,
Th,,,,
GT,,,,
TB,,,,
OM,,,,
My,,,,
Ab,,,,
Th,,,,
An,,,,
Th,,,,
A ,,,,
In,,,,
Ph,,,,
Ho,,,,
Th,,,,
Is,,,,
Il,,,,
No,,,,
So,,,,
Â¿,,,,
So,,,,
I ,,,,
I ,,,,
Bu,,,,
I ,,,,
Th,,,,
I ,,,,
Th,,,,
Wh,,,,
I ,,,,
I ,,,,
Bo,,,,
La,,,,
I',,,,
Ha,,,,
Gn,,,,
I',,,,
I ,,,,
So,,,,
I ,,,,
I',,,,
If,,,,
MY,,,,
Us,,,,
Do,,,,
Ca,,,,
I ,,,,
Th,,,,
I ,,,,
ðŸ,,,,
I ,,,,
Br,,,,
@M,,,,
@s,,,,
@X,,,,
Mi,,,,
I',,,,
@d,,,,
@j,,,,
ðŸ,,,,
ha,,,,
@e,,,,
@d,,,,
@d,,,,
@a,,,,
At,,,,
@G,,,,
I ,,,,
@I,,,,
Bo,,,,
@e,,,,
Ca,,,,
LO,,,,
@b,,,,
@b,,,,
Ni,,,,
my,,,,
@d,,,,
I',,,,
id,,,,
i ,,,,
Me,,,,
ðŸ,,,,
@A,,,,
@A,,,,
@k,,,,
@k,,,,
@A,,,,
@A,,,,
@k,,,,
@A,,,,
@A,,,,
i ,,,,
My,,,,
@f,,,,
@_,,,,
My,,,,
Wh,,,,
Di,,,,
Ph,,,,
Ki,,,,
I ,,,,
Ho,,,,
No,,,,
Ni,,,,
Th,,,,
Am,,,,
No,,,,
50,,,,
ht,,,,
Ch,,,,
La,,,,
En,,,,
Th,,,,
YA,,,,
I ,,,,
Si,,,,
De,,,,
My,,,,
I ,,,,
Di,,,,
Th,,,,
Me,,,,
To,,,,
Ya,,,,
Ne,,,,
@N,,,,
Gi,,,,
@m,,,,
@j,,,,
I',,,,
Wh,,,,
I ,,,,
!!,,,,
Sh,,,,
Lo,,,,
Th,,,,
@p,,,,
I ,,,,
Ge,,,,
@i,,,,
@i,,,,
@i,,,,
Ma,,,,
Ru,,,,
@g,,,,
@g,,,,
i ,,,,
ni,,,,
on,,,,
Ha,,,,
@m,,,,
HO,,,,
MY,,,,
Sa,,,,
Ba,,,,
i',,,,
@H,,,,
I',,,,
I ,,,,
I ,,,,
i ,,,,
@R,,,,
@R,,,,
El,,,,
in,,,,
my,,,,
my,,,,
we,,,,
Of,,,,
@O,,,,
@D,,,,
i ,,,,
@i,,,,
ug,,,,
ma,,,,
@k,,,,
@k,,,,
he,,,,
@k,,,,
#c,,,,
@A,,,,
@A,,,,
Fe,,,,
@N,,,,
ma,,,,
li,,,,
ca,,,,
ca,,,,
@_,,,,
@m,,,,
@A,,,,
@A,,,,
hm,,,,
@A,,,,
@A,,,,
@A,,,,
@A,,,,
@A,,,,
@e,,,,
@e,,,,
@A,,,,
@e,,,,
@A,,,,
@A,,,,
@A,,,,
@e,,,,
@e,,,,
@e,,,,
@e,,,,
@e,,,,
@A,,,,
@e,,,,
@e,,,,
Go,,,,
@c,,,,
th,,,,
@c,,,,
@c,,,,
He,,,,
co,,,,
@A,,,,
bo,,,,
Th,,,,
@T,,,,
In,,,,
If,,,,
@T,,,,
i ,,,,
@i,,,,
@A,,,,
@A,,,,
@A,,,,
i ,,,,
@A,,,,
@A,,,,
@_,,,,
lo,,,,
i ,,,,
@_,,,,
@_,,,,
La,,,,
LO,,,,
I',,,,
i ,,,,
Be,,,,
@0,,,,
@0,,,,
Ra,,,,
I ,,,,
gr,,,,
@R,,,,
i',,,,
so,,,,
so,,,,
Nw,,,,
I ,,,,
Wh,,,,
Br,,,,
I',,,,
wh,,,,
no,,,,
@J,,,,
@s,,,,
@k,,,,
Is,,,,
I ,,,,
th,,,,
Si,,,,
Tb,,,,
Fi,,,,
I ,,,,
Ha,,,,
Be,,,,
LL,,,,
Ku,,,,
@H,,,,
Ca,,,,
@H,,,,
No,,,,
I ,,,,
@s,,,,
I',,,,
I ,,,,
I ,,,,
@s,,,,
@s,,,,
Co,,,,
@s,,,,
@s,,,,
@s,,,,
I ,,,,
@s,,,,
In,,,,
@s,,,,
@i,,,,
@i,,,,
My,,,,
I ,,,,
I ,,,,
Ha,,,,
My,,,,
Ad,,,,
He,,,,
Ev,,,,
Br,,,,
Hi,,,,
@v,,,,
en,,,,
cr,,,,
I',,,,
Ad,,,,
He,,,,
Fi,,,,
1 ,,,,
I ,,,,
I ,,,,
@_,,,,
@_,,,,
Fo,,,,
I ,,,,
Pe,,,,
Mc,,,,
Im,,,,
To,,,,
@T,,,,
@T,,,,
Id,,,,
@T,,,,
St,,,,
@G,,,,
I',,,,
My,,,,
I ,,,,
I ,,,,
Ne,,,,
Lo,,,,
Fu,,,,
Fu,,,,
Ji,,,,
Lo,,,,
HA,,,,
@t,,,,
@U,,,,
@t,,,,
Me,,,,
I',,,,
@p,,,,
Wh,,,,
ðŸ,,,,
Th,,,,
Li,,,,
In,,,,
Mi,,,,
Yo,,,,
He,,,,
Wo,,,,
@e,,,,
Be,,,,
Le,,,,
Th,,,,
Fu,,,,
It,,,,
@M,,,,
@j,,,,
@T,,,,
@T,,,,
@T,,,,
@T,,,,
Ay,,,,
He,,,,
Sa,,,,
Im,,,,
Fi,,,,
@v,,,,
@v,,,,
@j,,,,
I',,,,
I ,,,,
I ,,,,
Re,,,,
@v,,,,
I',,,,
@v,,,,
Su,,,,
Yo,,,,
@t,,,,
@l,,,,
@t,,,,
@m,,,,
Pe,,,,
@t,,,,
@t,,,,
We,,,,
*t,,,,
Bo,,,,
Yo,,,,
Ma,,,,
I ,,,,
Go,,,,
@D,,,,
@T,,,,
Pl,,,,
Sh,,,,
Ha,,,,
Im,,,,
@D,,,,
8 ,,,,
It,,,,
Me,,,,
@m,,,,
Om,,,,
I ,,,,
@T,,,,
@v,,,,
Co,,,,
@s,,,,
I ,,,,
Wh,,,,
@r,,,,
Fi,,,,
Th,,,,
*r,,,,
Wh,,,,
@M,,,,
@M,,,,
@M,,,,
Ha,,,,
@s,,,,
I ,,,,
de,,,,
@s,,,,
Ch,,,,
@_,,,,
@_,,,,
@s,,,,
wh,,,,
Up,,,,
@_,,,,
Fo,,,,
@g,,,,
@g,,,,
@g,,,,
@_,,,,
@_,,,,
@g,,,,
@_,,,,
@_,,,,
@_,,,,
@_,,,,
At,,,,
Pe,,,,
Ya,,,,
@5,,,,
@5,,,,
Wh,,,,
@5,,,,
@5,,,,
@5,,,,
@g,,,,
@g,,,,
#e,,,,
Wh,,,,
@g,,,,
ne,,,,
@r,,,,
@r,,,,
yo,,,,
on,,,,
@v,,,,
@v,,,,
@_,,,,
no,,,,
Yo,,,,
I ,,,,
i ,,,,
@_,,,,
@a,,,,
@a,,,,
@a,,,,
sa,,,,
NO,,,,
@a,,,,
ht,,,,
Wh,,,,
He,,,,
Fi,,,,
Yo,,,,
@c,,,,
@c,,,,
@h,,,,
Ho,,,,
It,,,,
I ,,,,
Wo,,,,
My,,,,
ðŸ,,,,
Is,,,,
Ju,,,,
ht,,,,
LM,,,,
Ju,,,,
Lm,,,,
@c,,,,
@C,,,,
@c,,,,
@c,,,,
@c,,,,
@c,,,,
Wh,,,,
Ye,,,,
Ch,,,,
@D,,,,
@D,,,,
Wh,,,,
@c,,,,
Sh,,,,
@M,,,,
@M,,,,
Yo,,,,
Gr,,,,
3a,,,,
@s,,,,
ht,,,,
@j,,,,
ju,,,,
go,,,,
Oh,,,,
I ,,,,
I ,,,,
I ,,,,
Sl,,,,
Be,,,,
I ,,,,
bu,,,,
Ch,,,,
ðŸ,,,,
@s,,,,
@A,,,,
Wh,,,,
Gr,,,,
Mo,,,,
Mo,,,,
No,,,,
Li,,,,
So,,,,
@b,,,,
It,,,,
Ch,,,,
PN,,,,
I',,,,
Ig,,,,
He,,,,
On,,,,
@n,,,,
@n,,,,
@n,,,,
Ca,,,,
ðŸ,,,,
Id,,,,
Sh,,,,
My,,,,
It,,,,
ðŸ,,,,
@i,,,,
I ,,,,
ðŸ,,,,
@k,,,,
Ne,,,,
ðŸ,,,,
Nu,,,,
Ti,,,,
Lo,,,,
Wh,,,,
I',,,,
@b,,,,
Lo,,,,
Ev,,,,
Lo,,,,
Ti,,,,
@k,,,,
@k,,,,
My,,,,
Ho,,,,
Pr,,,,
Mm,,,,
Id,,,,
An,,,,
So,,,,
Bu,,,,
Th,,,,
In,,,,
@L,,,,
ðŸ,,,,
I ,,,,
@L,,,,
I ,,,,
@L,,,,
@L,,,,
Lo,,,,
Ra,,,,
Su,,,,
@l,,,,
My,,,,
Ha,,,,
Th,,,,
I ,,,,
Ho,,,,
Ur,,,,
Do,,,,
Nu,,,,
@k,,,,
@k,,,,
I ,,,,
Do,,,,
@k,,,,
ðŸ,,,,
Ch,,,,
U ,,,,
@R,,,,
ðŸ,,,,
Li,,,,
Lo,,,,
Ay,,,,
Jo,,,,
@P,,,,
ðŸ,,,,
@i,,,,
Wa,,,,
@P,,,,
@S,,,,
Me,,,,
Sa,,,,
I ,,,,
Jo,,,,
7m,,,,
Th,,,,
R ,,,,
I ,,,,
My,,,,
@c,,,,
I ,,,,
@k,,,,
Yo,,,,
Fi,,,,
@C,,,,
Ge,,,,
@b,,,,
@b,,,,
gi,,,,
@C,,,,
wr,,,,
@j,,,,
@j,,,,
wh,,,,
@b,,,,
@b,,,,
Th,,,,
i ,,,,
@m,,,,
Da,,,,
fi,,,,
th,,,,
My,,,,
wa,,,,
Ma,,,,
hp,,,,
wh,,,,
wh,,,,
@m,,,,
@a,,,,
@m,,,,
lo,,,,
Th,,,,
HI,,,,
th,,,,
th,,,,
Th,,,,
my,,,,
se,,,,
se,,,,
I ,,,,
@R,,,,
@b,,,,
@a,,,,
Bl,,,,
Sh,,,,
My,,,,
To,,,,
Ou,,,,
Wh,,,,
Ad,,,,
Gi,,,,
My,,,,
We,,,,
Ta,,,,
Mi,,,,
âš,,,,
Th,,,,
Fo,,,,
Jo,,,,
Yo,,,,
Ew,,,,
Le,,,,
I ,,,,
Wh,,,,
Ha,,,,
I ,,,,
@K,,,,
@k,,,,
@k,,,,
@k,,,,
Ju,,,,
Ca,,,,
My,,,,
Ca,,,,
Af,,,,
@k,,,,
@k,,,,
I,,,,
Wo,,,,
@A,,,,
@A,,,,
@s,,,,
I ,,,,
@R,,,,
I',,,,
Mo,,,,
I ,,,,
Im,,,,
@6,,,,
Wh,,,,
Bo,,,,
@m,,,,
@m,,,,
Th,,,,
I ,,,,
Fu,,,,
It,,,,
@i,,,,
I',,,,
@_,,,,
Th,,,,
I ,,,,
It,,,,
It,,,,
Si,,,,
@V,,,,
@V,,,,
@H,,,,
ho,,,,
#1,,,,
El,,,,
al,,,,
ma,,,,
me,,,,
#t,,,,
@H,,,,
@H,,,,
@H,,,,
ho,,,,
@V,,,,
*y,,,,
@H,,,,
@H,,,,
@V,,,,
@H,,,,
Bi,,,,
Ra,,,,
I',,,,
Ha,,,,
I ,,,,
@e,,,,
@r,,,,
Ry,,,,
i ,,,,
@s,,,,
Wh,,,,
Fi,,,,
Bo,,,,
Co,,,,
I',,,,
@K,,,,
@I,,,,
I ,,,,
Ph,,,,
Ev,,,,
@j,,,,
AD,,,,
Ho,,,,
Mo,,,,
So,,,,
@I,,,,
Th,,,,
Th,,,,
@I,,,,
@T,,,,
Ha,,,,
Lo,,,,
@x,,,,
@s,,,,
By,,,,
Th,,,,
3 ,,,,
@v,,,,
An,,,,
SA,,,,
If,,,,
Wh,,,,
Ca,,,,
Ho,,,,
@R,,,,
@R,,,,
@R,,,,
@x,,,,
@x,,,,
Pr,,,,
So,,,,
My,,,,
Fe,,,,
Wh,,,,
So,,,,
Re,,,,
Ha,,,,
Go,,,,
Co,,,,
No,,,,
Af,,,,
Fr,,,,
I ,,,,
@d,,,,
Ch,,,,
My,,,,
Pr,,,,
ðŸ,,,,
Wh,,,,
So,,,,
So,,,,
LA,,,,
Ce,,,,
@L,,,,
@L,,,,
Pe,,,,
Bl,,,,
Fi,,,,
@e,,,,
Is,,,,
wh,,,,
NO,,,,
Da,,,,
Um,,,,
He,,,,
I ,,,,
My,,,,
Wo,,,,
2:,,,,
Wh,,,,
aw,,,,
Co,,,,
@g,,,,
ju,,,,
Co,,,,
Go,,,,
Or,,,,
Wo,,,,
Oh,,,,
Ac,,,,
I ,,,,
Te,,,,
Se,,,,
Ya,,,,
RI,,,,
1 ,,,,
It,,,,
@j,,,,
I ,,,,
@k,,,,
Ha,,,,
Ad,,,,
Gr,,,,
Yo,,,,
Th,,,,
I ,,,,
I ,,,,
@K,,,,
An,,,,
Bu,,,,
I ,,,,
Si,,,,
@t,,,,
Do,,,,
Fu,,,,
@h,,,,
@t,,,,
@K,,,,
@K,,,,
Ho,,,,
No,,,,
Se,,,,
Me,,,,
We,,,,
Wi,,,,
I ,,,,
If,,,,
It,,,,
Th,,,,
Mo,,,,
Be,,,,
Wh,,,,
I',,,,
I ,,,,
To,,,,
Br,,,,
Je,,,,
So,,,,
Lo,,,,
Cl,,,,
I ,,,,
I ,,,,
Ju,,,,
Th,,,,
I',,,,
Le,,,,
Ah,,,,
Ok,,,,
IS,,,,
Ah,,,,
I ,,,,
We,,,,
No,,,,
Wh,,,,
Si,,,,
I ,,,,
@g,,,,
We,,,,
@G,,,,
On,,,,
I',,,,
I',,,,
My,,,,
Wh,,,,
Ah,,,,
My,,,,
I ,,,,
MÃ,,,,
Yo,,,,
Th,,,,
I',,,,
Th,,,,
Aw,,,,
I ,,,,
Wh,,,,
Hi,,,,
#F,,,,
@s,,,,
Th,,,,
I ,,,,
I',,,,
Po,,,,
Le,,,,
I ,,,,
A ,,,,
My,,,,
Go,,,,
Am,,,,
I',,,,
Mi,,,,
Th,,,,
My,,,,
So,,,,
I ,,,,
Co,,,,
Aw,,,,
Hi,,,,
Sh,,,,
Th,,,,
Bl,,,,
Cl,,,,
I',,,,
My,,,,
I ,,,,
@a,,,,
@M,,,,
Wh,,,,
I ,,,,
If,,,,
Mu,,,,
Wh,,,,
Ca,,,,
An,,,,
It,,,,
Si,,,,
We,,,,
Ch,,,,
Wh,,,,
It,,,,
5:,,,,
@m,,,,
I ,,,,
@m,,,,
Th,,,,
@m,,,,
@m,,,,
Sy,,,,
@m,,,,
@m,,,,
@T,,,,
@T,,,,
@T,,,,
Ma,,,,
Ta,,,,
I ,,,,
1h,,,,
We,,,,
ht,,,,
Th,,,,
Ge,,,,
@a,,,,
@a,,,,
Wh,,,,
Al,,,,
An,,,,
Oh,,,,
De,,,,
Ca,,,,
It,,,,
@A,,,,
@K,,,,
Fi,,,,
It,,,,
Wa,,,,
So,,,,
Ye,,,,
Wh,,,,
Co,,,,
Ha,,,,
@C,,,,
@S,,,,
lo,,,,
Ha,,,,
ðŸ,,,,
I ,,,,
@S,,,,
@c,,,,
@c,,,,
no,,,,
O ,,,,
ðŸ,,,,
Go,,,,
Ju,,,,
Ja,,,,
@J,,,,
gu,,,,
â,,,,
Hi,,,,
@j,,,,
@j,,,,
Ca,,,,
ðŸ,,,,
DR,,,,
Om,,,,
th,,,,
aw,,,,
@e,,,,
br,,,,
@b,,,,
LO,,,,
th,,,,
LO,,,,
I ,,,,
@m,,,,
yo,,,,
li,,,,
ch,,,,
@c,,,,
wh,,,,
@t,,,,
@_,,,,
my,,,,
Ha,,,,
i ,,,,
@t,,,,
mi,,,,
wh,,,,
fa,,,,
ug,,,,
@B,,,,
@P,,,,
@l,,,,
Lo,,,,
@t,,,,
@d,,,,
ov,,,,
I ,,,,
@m,,,,
bo,,,,
u ,,,,
so,,,,
@i,,,,
@i,,,,
FI,,,,
@t,,,,
ne,,,,
wh,,,,
@i,,,,
@i,,,,
fi,,,,
@_,,,,
Dw,,,,
@D,,,,
Ch,,,,
Fo,,,,
Ki,,,,
I ,,,,
Yo,,,,
@_,,,,
Pi,,,,
Pt,,,,
I ,,,,
@l,,,,
I ,,,,
Gu,,,,
Wh,,,,
I ,,,,
If,,,,
I ,,,,
We,,,,
@_,,,,
@_,,,,
@_,,,,
@_,,,,
@S,,,,
@_,,,,
@_,,,,
Lo,,,,
Bu,,,,
@t,,,,
Yo,,,,
@C,,,,
@t,,,,
Tb,,,,
Di,,,,
Th,,,,
I',,,,
Ju,,,,
@b,,,,
@t,,,,
@t,,,,
@t,,,,
@t,,,,
Wh,,,,
Ba,,,,
@F,,,,
@A,,,,
So,,,,
We,,,,
I ,,,,
@U,,,,
@T,,,,
I ,,,,
ne,,,,
I ,,,,
I',,,,
ðŸ,,,,
Wh,,,,
It,,,,
Ha,,,,
@s,,,,
@a,,,,
@h,,,,
@e,,,,
To,,,,
No,,,,
RI,,,,
@_,,,,
No,,,,
Wh,,,,
We,,,,
th,,,,
@L,,,,
HA,,,,
Ha,,,,
Da,,,,
Ha,,,,
We,,,,
@I,,,,
@c,,,,
Go,,,,
Id,,,,
@v,,,,
@v,,,,
Ju,,,,
Ju,,,,
My,,,,
Ev,,,,
Ge,,,,
I ,,,,
Go,,,,
Ca,,,,
On,,,,
An,,,,
Do,,,,
Go,,,,
ca,,,,
We,,,,
ca,,,,
Th,,,,
I ,,,,
It,,,,
@c,,,,
@c,,,,
My,,,,
Re,,,,
CO,,,,
Uh,,,,
Lo,,,,
Yo,,,,
Re,,,,
Pp,,,,
I ,,,,
I ,,,,
Al,,,,
Pa,,,,
So,,,,
Yo,,,,
OH,,,,
@t,,,,
I ,,,,
Tu,,,,
Yo,,,,
Th,,,,
@l,,,,
De,,,,
Ha,,,,
ðŸ,,,,
@b,,,,
I ,,,,
@m,,,,
@O,,,,
@t,,,,
@z,,,,
@z,,,,
@D,,,,
Im,,,,
So,,,,
@s,,,,
An,,,,
ev,,,,
@b,,,,
@b,,,,
@b,,,,
I ,,,,
@b,,,,
I ,,,,
Ay,,,,
I ,,,,
@b,,,,
As,,,,
â€,,,,
â€,,,,
Co,,,,
@l,,,,
Li,,,,
Wh,,,,
I ,,,,
@D,,,,
Sm,,,,
I ,,,,
I',,,,
It,,,,
An,,,,
Ne,,,,
3A,,,,
Wh,,,,
so,,,,
Wi,,,,
Wi,,,,
to,,,,
I ,,,,
@L,,,,
sc,,,,
Ho,,,,
Mi,,,,
@c,,,,
@L,,,,
my,,,,
Ge,,,,
I ,,,,
Sh,,,,
tf,,,,
no,,,,
it,,,,
wh,,,,
ho,,,,
so,,,,
re,,,,
@_,,,,
Lo,,,,
*w,,,,
Ha,,,,
ht,,,,
Na,,,,
@T,,,,
no,,,,
if,,,,
@c,,,,
I ,,,,
I',,,,
so,,,,
WH,,,,
@S,,,,
@S,,,,
@S,,,,
go,,,,
Th,,,,
@S,,,,
I',,,,
@r,,,,
yo,,,,
@a,,,,
@a,,,,
Wa,,,,
a ,,,,
Al,,,,
Al,,,,
Yo,,,,
So,,,,
Ju,,,,
So,,,,
Tr,,,,
I ,,,,
I ,,,,
Sc,,,,
Wi,,,,
TB,,,,
@a,,,,
@d,,,,
@C,,,,
@r,,,,
Sh,,,,
Ju,,,,
My,,,,
@m,,,,
Ha,,,,
Th,,,,
@T,,,,
I ,,,,
@R,,,,
@R,,,,
Om,,,,
I ,,,,
Go,,,,
I ,,,,
I',,,,
@k,,,,
@_,,,,
Co,,,,
@C,,,,
Wh,,,,
Do,,,,
@J,,,,
Pr,,,,
I',,,,
I ,,,,
De,,,,
Re,,,,
No,,,,
I ,,,,
@N,,,,
Ye,,,,
Co,,,,
@J,,,,
Re,,,,
Th,,,,
Ju,,,,
@1,,,,
Bo,,,,
Ma,,,,
I ,,,,
Gr,,,,
My,,,,
@j,,,,
I ,,,,
Lo,,,,
My,,,,
Yo,,,,
Ho,,,,
@A,,,,
Wh,,,,
Wh,,,,
@r,,,,
Se,,,,
Pr,,,,
We,,,,
To,,,,
Wh,,,,
gu,,,,
My,,,,
We,,,,
Bu,,,,
I ,,,,
I ,,,,
@s,,,,
Ha,,,,
I',,,,
Th,,,,
Wh,,,,
15,,,,
My,,,,
I ,,,,
I ,,,,
Oh,,,,
It,,,,
Wh,,,,
It,,,,
I ,,,,
I ,,,,
Th,,,,
Is,,,,
Pu,,,,
@J,,,,
Wo,,,,
I ,,,,
Bu,,,,
I ,,,,
I ,,,,
I ,,,,
Yo,,,,
At,,,,
@s,,,,
@h,,,,
Th,,,,
co,,,,
Wh,,,,
cr,,,,
me,,,,
ðŸ,,,,
ch,,,,
lo,,,,
mi,,,,
I',,,,
Do,,,,
As,,,,
@K,,,,
My,,,,
@h,,,,
sp,,,,
@_,,,,
It,,,,
I ,,,,
I ,,,,
on,,,,
ze,,,,
@K,,,,
@K,,,,
No,,,,
@h,,,,
Th,,,,
@k,,,,
@h,,,,
Th,,,,
@_,,,,
@_,,,,
Cl,,,,
@k,,,,
@_,,,,
@_,,,,
@h,,,,
It,,,,
I ,,,,
Fr,,,,
As,,,,
@5,,,,
@I,,,,
wh,,,,
@5,,,,
Pe,,,,
do,,,,
@5,,,,
Ai,,,,
go,,,,
Cl,,,,
Yo,,,,
@s,,,,
Pr,,,,
@R,,,,
@r,,,,
@r,,,,
AH,,,,
I ,,,,
He,,,,
It,,,,
@k,,,,
i ,,,,
at,,,,
Th,,,,
We,,,,
Bu,,,,
ts,,,,
Fr,,,,
my,,,,
1 ,,,,
I ,,,,
On,,,,
To,,,,
On,,,,
At,,,,
I ,,,,
@_,,,,
yo,,,,
Yo,,,,
Yo,,,,
Yo,,,,
an,,,,
mo,,,,
Th,,,,
Be,,,,
An,,,,
At,,,,
Fo,,,,
La,,,,
Th,,,,
YO,,,,
Ho,,,,
Ki,,,,
Ze,,,,
@h,,,,
oy,,,,
yk,,,,
I ,,,,
do,,,,
su,,,,
no,,,,
@h,,,,
@h,,,,
Pl,,,,
3 ,,,,
go,,,,
Bl,,,,
Al,,,,
I ,,,,
So,,,,
@M,,,,
Na,,,,
I',,,,
UC,,,,
ðŸ,,,,
Af,,,,
@s,,,,
He,,,,
wh,,,,
I ,,,,
I ,,,,
Oh,,,,
So,,,,
Ri,,,,
th,,,,
It,,,,
@s,,,,
Br,,,,
ed,,,,
@k,,,,
i ,,,,
@k,,,,
be,,,,
id,,,,
@d,,,,
@g,,,,
a ,,,,
@H,,,,
pa,,,,
an,,,,
re,,,,
Ne,,,,
Hy,,,,
La,,,,
IT,,,,
em,,,,
st,,,,
sl,,,,
gr,,,,
Ne,,,,
FI,,,,
so,,,,
I ,,,,
Wa,,,,
@H,,,,
to,,,,
@c,,,,
@r,,,,
@s,,,,
LO,,,,
Re,,,,
I ,,,,
@r,,,,
@r,,,,
Ho,,,,
@r,,,,
@r,,,,
Da,,,,
@r,,,,
@a,,,,
Ha,,,,
Wh,,,,
@a,,,,
Wh,,,,
@s,,,,
@a,,,,
@a,,,,
@a,,,,
@a,,,,
@a,,,,
@a,,,,
@a,,,,
@a,,,,
@t,,,,
@a,,,,
@a,,,,
@a,,,,
Be,,,,
@a,,,,
Wh,,,,
WH,,,,
Ho,,,,
@c,,,,
Wh,,,,
Co,,,,
Lo,,,,
Ca,,,,
Lo,,,,
Hu,,,,
Li,,,,
Li,,,,
It,,,,
Li,,,,
Wh,,,,
I ,,,,
@a,,,,
In,,,,
No,,,,
It,,,,
Th,,,,
Th,,,,
On,,,,
Wh,,,,
@S,,,,
I ,,,,
Fo,,,,
@m,,,,
Wh,,,,
To,,,,
Wo,,,,
Wh,,,,
To,,,,
Lo,,,,
I ,,,,
En,,,,
My,,,,
@K,,,,
I ,,,,
@K,,,,
Ti,,,,
In,,,,
5h,,,,
I',,,,
Av,,,,
Oh,,,,
Yu,,,,
Ve,,,,
@k,,,,
@p,,,,
My,,,,
Do,,,,
Wh,,,,
I ,,,,
@k,,,,
Ji,,,,
@k,,,,
@k,,,,
It,,,,
@k,,,,
93,,,,
@N,,,,
Pr,,,,
@N,,,,
Co,,,,
@N,,,,
so,,,,
MM,,,,
Wo,,,,
Wh,,,,
Wh,,,,
Do,,,,
ðŸ,,,,
@t,,,,
pu,,,,
if,,,,
Re,,,,
Wh,,,,
@b,,,,
Wh,,,,
if,,,,
@n,,,,
i ,,,,
fr,,,,
@s,,,,
th,,,,
De,,,,
Le,,,,
@t,,,,
@c,,,,
@k,,,,
@s,,,,
@c,,,,
I ,,,,
re,,,,
Yo,,,,
Do,,,,
@b,,,,
@b,,,,
Le,,,,
my,,,,
I ,,,,
I ,,,,
Tr,,,,
th,,,,
@l,,,,
I ,,,,
@t,,,,
@N,,,,
@F,,,,
wh,,,,
20,,,,
Al,,,,
@k,,,,
@H,,,,
Wh,,,,
Al,,,,
*d,,,,
Ha,,,,
He,,,,
@e,,,,
I ,,,,
Be,,,,
Cl,,,,
I ,,,,
Tw,,,,
6 ,,,,
@N,,,,
Wh,,,,
@b,,,,
10,,,,
Lu,,,,
Lo,,,,
@k,,,,
@a,,,,
Wh,,,,
Th,,,,
@x,,,,
@t,,,,
@r,,,,
@M,,,,
I ,,,,
@M,,,,
Ti,,,,
@a,,,,
@a,,,,
@a,,,,
Pa,,,,
Th,,,,
I ,,,,
Th,,,,
Fu,,,,
Me,,,,
Ch,,,,
FU,,,,
Th,,,,
@a,,,,
@r,,,,
Ug,,,,
Wh,,,,
@h,,,,
Fi,,,,
I',,,,
I',,,,
I ,,,,
Bu,,,,
I ,,,,
I',,,,
LA,,,,
Ha,,,,
Ev,,,,
Wh,,,,
Ba,,,,
@n,,,,
@g,,,,
@H,,,,
@o,,,,
@o,,,,
@O,,,,
@m,,,,
@m,,,,
yo,,,,
Pr,,,,
Of,,,,
Go,,,,
@x,,,,
Lm,,,,
Wh,,,,
Ha,,,,
,,,,